name,firm
Katherine Fleming,ACCOR
Anne-laure Kiechel,ACCOR
Ugo Arzani,ACCOR
Asma Abdulrahman-Al-Khulaifi,ACCOR
Helene Potier,ACCOR
Christine Serre,ACCOR
Bruno Pavlovsky,ACCOR
Sebastien Bazin,ACCOR
Isabelle Simon,ACCOR
Iris Knobloch,ACCOR
Qiong'er Jiang,ACCOR
Sarmad Zok,ACCOR
Iliane Dumas,ACCOR
Nicolas Sarkozy-De-Nagy-Bocsa,ACCOR
Aziz Aluthman-Fakhroo,ACCOR
Nawaf Bin-Jassim-Bin-Jabor-Al-Thani,ACCOR
Sophie Gasperment,ACCOR
Chantal Hoogstoel,ACCOR
Patrick Sayer,ACCOR
Sven Boinet,ACCOR
Bertrand Meheut,ACCOR
Maria Erra,ACCOR
Natacha Valla,ACCOR
Jean Bailly,ACCOR
Vivek Badrinath,ACCOR
Ali Bouzarif,ACCOR
Nadra Moussalem,ACCOR
Aziz Aluthman-Faxhroo,ACCOR
Vanessa Schneider,AIR LIQUIDE FRANCE INDUSTRIE
Isabelle Lenfant,AIR LIQUIDE FRANCE INDUSTRIE
Olivier Randet,AIR LIQUIDE FRANCE INDUSTRIE
Nicolas Droin,AIR LIQUIDE FRANCE INDUSTRIE
Alain Le-Borgne,AIR LIQUIDE FRANCE INDUSTRIE
Mathilde Godard,AIR LIQUIDE FRANCE INDUSTRIE
Patrice Malletroit,AIR LIQUIDE FRANCE INDUSTRIE
Morgane Laugier,AIR LIQUIDE FRANCE INDUSTRIE
Maria Ballester-Herrera,AIR LIQUIDE FRANCE INDUSTRIE
Agnieszka Kula-Borsuk,AIR LIQUIDE FRANCE INDUSTRIE
Philippe Merino,AIR LIQUIDE FRANCE INDUSTRIE
Louis Richard,AIR LIQUIDE FRANCE INDUSTRIE
Sylvie Villepontoux,AIR LIQUIDE FRANCE INDUSTRIE
Vincent Serain,AIR LIQUIDE FRANCE INDUSTRIE
Anne Bardot,AIR LIQUIDE FRANCE INDUSTRIE
Benedicte Levinson,AIR LIQUIDE FRANCE INDUSTRIE
Ronald Chalmers,AIR LIQUIDE FRANCE INDUSTRIE
Nicolas Poirot,AIR LIQUIDE FRANCE INDUSTRIE
Lars Wagner,AIRBUS
Carmen-maja Rex,AIRBUS
Thomas Toepfer,AIRBUS
Guillaume Faury,AIRBUS
Christian Scherer,AIRBUS
Thierry Baril,AIRBUS
John Harrison,AIRBUS
Alberto Gutierrez-Moreno,AIRBUS
Dominik Asam,AIRBUS
Michael Schöllhorn,AIRBUS
Thomas Enders,AIRBUS
Harald Wilhelm,AIRBUS
Fabrice Bregier,AIRBUS
Thomas Williams,AIRBUS
Frederik Van-De-Velde,ARCELORMITTAL FRANCE
Alain Legrix-De-La-Salle,ARCELORMITTAL FRANCE
Bruno Ribo,ARCELORMITTAL FRANCE
Gregory Meurin,ARCELORMITTAL FRANCE
Matthieu Jehl,ARCELORMITTAL FRANCE
Yves Koeberle,ARCELORMITTAL FRANCE
Eric Niedziela,ARCELORMITTAL FRANCE
Marc Vereecke,ARCELORMITTAL FRANCE
Bart Wille,ARCELORMITTAL FRANCE
Stéphane Delpeyroux,ARCELORMITTAL FRANCE
Egbert Jansen,ARCELORMITTAL FRANCE
Henri Blaffart,ARCELORMITTAL FRANCE
Herve Bourrier,ARCELORMITTAL FRANCE
Philippe Darmayan,ARCELORMITTAL FRANCE
Ewout Steenbergen,AXA
Antoine Gosset-Grainville,AXA
Gerald Harlin,AXA
Rachel Picard,AXA
Guillaume Faury,AXA
Ramon Fernandez,AXA
Clotilde Delbos,AXA
Isabel Hudson,AXA
Helen Browne,AXA
Marie Tschudin,AXA
Martine Bievre,AXA
Bettina Cramm,AXA
Angelien Kemna,AXA
Thomas Dr-Buberl,AXA
Raymond De-Oliviera-Cezar,AXA
Xiaoying Duan,AXA
Andre Francois-Poncet,AXA
Jean Clamadieu,AXA
Patricia Barbizet,AXA
Denis Duverne,AXA
Elaine Sarsynski,AXA
Irène Dorner,AXA
François Martineau,AXA
Doina Palici-Chehab,AXA
Stefan Lippe,AXA
Jean Folz,AXA
Deanna Oppenheimer,AXA
Isabelle Kocher,AXA
Suet Lim,AXA
Paul Hermelin,AXA
Dominique Reiniche,AXA
Valérie Chort,BNP PARIBAS(HELLO BANK!)
Nicolas Peter,BNP PARIBAS(HELLO BANK!)
Bertrand De-Mazières,BNP PARIBAS(HELLO BANK!)
Guillaume Poupard,BNP PARIBAS(HELLO BANK!)
Anna Straathof,BNP PARIBAS(HELLO BANK!)
Vanessa Lepoultier,BNP PARIBAS(HELLO BANK!)
Marie-christine Lombard,BNP PARIBAS(HELLO BANK!)
Lieve Logghe,BNP PARIBAS(HELLO BANK!)
Yann Gerardin,BNP PARIBAS(HELLO BANK!)
Thierry Laborde,BNP PARIBAS(HELLO BANK!)
Christian Noyer,BNP PARIBAS(HELLO BANK!)
Juliette Brisac,BNP PARIBAS(HELLO BANK!)
Hugues Epaillard,BNP PARIBAS(HELLO BANK!)
Jacques Aschenbroich,BNP PARIBAS(HELLO BANK!)
Marion Guillou,BNP PARIBAS(HELLO BANK!)
Jean Lemierre,BNP PARIBAS(HELLO BANK!)
Daniela Schwarzer,BNP PARIBAS(HELLO BANK!)
Monique Cohen,BNP PARIBAS(HELLO BANK!)
Jean-laurent Bonnafé,BNP PARIBAS(HELLO BANK!)
Nathalie Szabo,BOUYGUES
Sylvie Bruneau,BOUYGUES
Charlotte Bouygues,BOUYGUES
Jean-michel Gras,BOUYGUES
Caroline Jegu,BOUYGUES
Felicie Burelle,BOUYGUES
Pascaline Aubepin-De-Lamothe-Dreuzy,BOUYGUES
Edward Bouygues,BOUYGUES
Benoit Maes,BOUYGUES
Alexandre De-Rothschild,BOUYGUES
Raphaelle Deflesselle,BOUYGUES
Olivier Roussat,BOUYGUES
Clara Gaymard,BOUYGUES
Olivier Bouygues,BOUYGUES
Martin Bouygues,BOUYGUES
Scdm,BOUYGUES
Pascal Grangé,BOUYGUES
Participations Scdm,BOUYGUES
Rose Van-Lerberghe,BOUYGUES
Michele Vilain,BOUYGUES
Helman Le-Pas-De-Secheval,BOUYGUES
Francis Castagne,BOUYGUES
Bernard Allain,BOUYGUES
Beatrice Besombes,BOUYGUES
Colette Lewiner,BOUYGUES
Anne Idrac,BOUYGUES
Philippe Marien,BOUYGUES
Sandra Nombret,BOUYGUES
Patrick Kron,BOUYGUES
Francois Bertiere,BOUYGUES
Hervé Le-Bouc,BOUYGUES
Elodie Perthuisot,BUREAU VERITAS
Investissement Bpifrance,BUREAU VERITAS
Geoffroy Roux-De-Bézieux,BUREAU VERITAS
Laurent Mignon,BUREAU VERITAS
Hinda Gharbi,BUREAU VERITAS
Pascal Lebard,BUREAU VERITAS
Jean-francois Palus,BUREAU VERITAS
Julie Avrane,BUREAU VERITAS
Christine Anglade,BUREAU VERITAS
Jerome Michiels,BUREAU VERITAS
Frederic Sanchez,BUREAU VERITAS
Ana Giros-Calpe,BUREAU VERITAS
Claude Ehlinger,BUREAU VERITAS
Lucia Thomas,BUREAU VERITAS
Rebecca Herbert-Jones,BUREAU VERITAS
Aldo Cardoso,BUREAU VERITAS
Didier Michaud-Daniel,BUREAU VERITAS
André Francois-Poncet,BUREAU VERITAS
Philippe Lazare,BUREAU VERITAS
Ieda Yell,BUREAU VERITAS
Stéphanie Besnier,BUREAU VERITAS
Stéphane Bacquaert,BUREAU VERITAS
Pierre Hessler,BUREAU VERITAS
Jean Ropert,BUREAU VERITAS
Patrick Buffet,BUREAU VERITAS
Nicoletta Giadrossi,BUREAU VERITAS
Frédéric Lemoine,BUREAU VERITAS
Lila Tretikov,CAPGEMINI
Jean-marc Chéry,CAPGEMINI
Christophe Merveilleux-Du-Vignaux,CAPGEMINI
Asa Fearn,CAPGEMINI
Maria Ferraro,CAPGEMINI
Pierre Goulaieff,CAPGEMINI
Kurt Sievers,CAPGEMINI
Belen Moscoso-Del-Prado-Lopez-Doriga,CAPGEMINI
Herve Jeannin,CAPGEMINI
Frederic Oudéa,CAPGEMINI
Aiman Ezzat,CAPGEMINI
Patrick Pouyanné,CAPGEMINI
Paul Hermelin,CAPGEMINI
Rebecca Herbert-Jones,CAPGEMINI
Xavier Musca,CAPGEMINI
Megan Clarken,CAPGEMINI
Olivier Roussat,CAPGEMINI
Lucia Thomas,CAPGEMINI
Tanja Ruckert,CAPGEMINI
Xiaoqun Clever,CAPGEMINI
Laurence Dors,CAPGEMINI
Kevin Masters,CAPGEMINI
Anne Bouverot,CAPGEMINI
Pierre Pringuet,CAPGEMINI
Daniel Bernard,CAPGEMINI
Laura Desmond,CAPGEMINI
Robert Fretel,CAPGEMINI
Thierry Delaporte,CAPGEMINI
Carole Ferrand,CAPGEMINI
Yann Delabriere,CAPGEMINI
Caroline Carlisle,CAPGEMINI
Philip Laskawy,CAPGEMINI
Bruno Roger,CAPGEMINI
Alexandre De-Palmas,CARREFOUR FRANCE
Rami Baitieh,CARREFOUR FRANCE
Pascal Clouzard,CARREFOUR FRANCE
Noël Prioux,CARREFOUR FRANCE
Franck Alexandre,CREDIT AGRICOLE SA
Olivier Desportes,CREDIT AGRICOLE SA
Gaëlle Regnard,CREDIT AGRICOLE SA
Arnaud Rousseau,CREDIT AGRICOLE SA
Christine Gandon,CREDIT AGRICOLE SA
Carol Roux,CREDIT AGRICOLE SA
Olivier Gavalda,CREDIT AGRICOLE SA
Jerome Grivet,CREDIT AGRICOLE SA
Eric Vial,CREDIT AGRICOLE SA
Sonia Bonnet,CREDIT AGRICOLE SA
Catherine Umbricht,CREDIT AGRICOLE SA
Eric Wilson,CREDIT AGRICOLE SA
Agnes Audier,CREDIT AGRICOLE SA
Christophe Lesur,CREDIT AGRICOLE SA
Alessia Mosca,CREDIT AGRICOLE SA
Olivier Auffray,CREDIT AGRICOLE SA
Marianne Laigneau,CREDIT AGRICOLE SA
Nicole Gourmelon,CREDIT AGRICOLE SA
Pierre Cambefort,CREDIT AGRICOLE SA
Pascal Lheureux,CREDIT AGRICOLE SA
Marie-claire Daveu,CREDIT AGRICOLE SA
Raphael Appert,CREDIT AGRICOLE SA
Boetie Sas-Rue-La,CREDIT AGRICOLE SA
Jean-pierre Gaillard,CREDIT AGRICOLE SA
Dominique Lefebvre,CREDIT AGRICOLE SA
Louis Tercinier,CREDIT AGRICOLE SA
Philippe Brassac,CREDIT AGRICOLE SA
Xavier Musca,CREDIT AGRICOLE SA
Hugues Brasseur,CREDIT AGRICOLE SA
Christiane Lambert,CREDIT AGRICOLE SA
Jean-paul Kerrien,CREDIT AGRICOLE SA
Françoise Gri,CREDIT AGRICOLE SA
Catherine Pourre,CREDIT AGRICOLE SA
Daniel Epron,CREDIT AGRICOLE SA
Gérard Ouvrier-Buffet,CREDIT AGRICOLE SA
Simone Vedie,CREDIT AGRICOLE SA
François Heyman,CREDIT AGRICOLE SA
Philippe De-Waal,CREDIT AGRICOLE SA
Monica Mondardini,CREDIT AGRICOLE SA
Pascale Berger,CREDIT AGRICOLE SA
Laurence Dors,CREDIT AGRICOLE SA
Caroline Catoire,CREDIT AGRICOLE SA
Renée Talamona,CREDIT AGRICOLE SA
Philippe Boujut,CREDIT AGRICOLE SA
Christian Streiff,CREDIT AGRICOLE SA
Véronique Swiniarski,CREDIT AGRICOLE SA
François Thibault,CREDIT AGRICOLE SA
Christian Moueza,CREDIT AGRICOLE SA
Jean Paviet,CREDIT AGRICOLE SA
Xavier Beulin,CREDIT AGRICOLE SA
François Veverka,CREDIT AGRICOLE SA
Roger Andrieu,CREDIT AGRICOLE SA
Jean Roveyaz,CREDIT AGRICOLE SA
Louis Tercinier,CREDIT AGRICOLE SA
Louis Ternicier,CREDIT AGRICOLE SA
Jack Bouin,CREDIT AGRICOLE SA
Sanjiv Mehta,DANONE
Lise Kingo,DANONE
Gilbert Ghostine,DANONE
Géraldine Picaud,DANONE
Susan-barbara Roberts,DANONE
Patrice Louvet,DANONE
Valerie Chapoulaud-Floquet,DANONE
Frederic Boutebba,DANONE
Bettina Theissig,DANONE
Gilles Schnepp,DANONE
Antoine Bernard-De-Saint-Affrique,DANONE
Michel Landel,DANONE
Serpil Timuray,DANONE
Guido Barilla,DANONE
Cécile Cabanis,DANONE
Franck Riboud,DANONE
Jean Severino,DANONE
Lionel Zinsou-Derlin,DANONE
Clara Gaymard,DANONE
Gaëlle Olivier,DANONE
Isabelle Seillier,DANONE
Véronique Bosetta,DANONE
Shane Grant,DANONE
Benoit Potier,DANONE
Virginia Stallings,DANONE
Gregg Engles,DANONE
Jean Laurent,DANONE
Jacques Granjon,DANONE
Patrimouna Paquet,DANONE
Bruno Bonnell,DANONE
Patrice Louvet,DANONE
Emmanuel Faber,DANONE
Besma Boumaza,DASSAULT AVIATION
Thierry Dassault,DASSAULT AVIATION
Stephane Marty,DASSAULT AVIATION
Charles Edelstenne,DASSAULT AVIATION
Marie-hélène Habert,DASSAULT AVIATION
Lucia Thomas,DASSAULT AVIATION
Eric Trappier,DASSAULT AVIATION
Loik Segalen,DASSAULT AVIATION
Henri Proglio,DASSAULT AVIATION
Joël Brouty,DASSAULT AVIATION
Vincent Dufour,DASSAULT AVIATION
Mathilde Lemoine,DASSAULT AVIATION
Catherine Dassault,DASSAULT AVIATION
Olivier Dassault,DASSAULT AVIATION
Richard Bédère,DASSAULT AVIATION
Serge Dassault,DASSAULT AVIATION
Emmanuel Theret,DASSAULT AVIATION
Igor Gauffreteau,DASSAULT AVIATION
Pascal Nibaudeau,DASSAULT AVIATION
Emmanuel Maygnan,DASSAULT AVIATION
Mahkameh Brunel,EIFFAGE
Philippe Vidal,EIFFAGE
Odile Georges-Picot-Marcille,EIFFAGE
Benoit De-Ruffray,EIFFAGE
Carol Xueref,EIFFAGE
Isabelle Salaun,EIFFAGE
Laurent Dupont,EIFFAGE
Marie Lemarie,EIFFAGE
Jean Roverato,EIFFAGE
Jean Guenard,EIFFAGE
Dominique Marcel,EIFFAGE
Bruno Flichy,EIFFAGE
Thérèse Cornil,EIFFAGE
Jean Gilet,EIFFAGE
Jean Rovarato,EIFFAGE
Gildas Gouvazé,ENGIE
Michel Giannuzzi,ENGIE
Celine Fornaro,ENGIE
Marie-claire Daveu,ENGIE
Magali Viot,ENGIE
Yoan Kosnar,ENGIE
Catherine Macgregor,ENGIE
Jean Clamadieu,ENGIE
Ross Mc-Innes,ENGIE
Christophe Agogue,ENGIE
Fabrice Bregier,ENGIE
Lucie Muniesa,ENGIE
Patrice Durand,ENGIE
Marie-jose Nadeau,ENGIE
Jacinthe Delage,ENGIE
Peter Ricketts,ENGIE
Francoise Malrieu,ENGIE
Marie Jego-Laveissiere,ENGIE
Alain Beullier,ENGIE
Philippe Lepage,ENGIE
Christophe Aubert,ENGIE
Isabelle Bui-Khoi-Hung,ENGIE
Aldo Cardoso,ENGIE
Edmond Alphandery,ENGIE
Ann Achleitner,ENGIE
Catherine Guillouard,ENGIE
Barbara Kux,ENGIE
Stephane Pallez,ENGIE
Olivier Marquer,ENGIE
Caroline Simon,ENGIE
Gérard Mestrallet,ENGIE
Isabelle Kocher,ENGIE
Claire Waysand,ENGIE
Stéphanie Besnier,ENGIE
Francesco Milleri,ESSILORLUXOTTICA
Mario Notari,ESSILORLUXOTTICA
Virginie Pitre,ESSILORLUXOTTICA
Sebastien Brown,ESSILORLUXOTTICA
Margot Bard,ESSILORLUXOTTICA
Marie-christine Roquette,ESSILORLUXOTTICA
Jose Gonzalo,ESSILORLUXOTTICA
Nathalie Von-Siemens,ESSILORLUXOTTICA
Andrea Zappia,ESSILORLUXOTTICA
Swati Piramal,ESSILORLUXOTTICA
Jean-luc Biamonti,ESSILORLUXOTTICA
Paul De-Lasteyrie-Du-Saillant-De-Comborn,ESSILORLUXOTTICA
Cristina Scocchia,ESSILORLUXOTTICA
Romolo Bardin,ESSILORLUXOTTICA
Leonardo Del-Vecchio,ESSILORLUXOTTICA
Ascencao Pereira,ESSILORLUXOTTICA
Delphine Zablocki,ESSILORLUXOTTICA
Juliette Favre,ESSILORLUXOTTICA
Gianni Mion,ESSILORLUXOTTICA
Giovanni Giallombardo,ESSILORLUXOTTICA
Sabrina Pucci,ESSILORLUXOTTICA
Lucia Morselli,ESSILORLUXOTTICA
Jeanette Wong,ESSILORLUXOTTICA
Olivier Pecoux,ESSILORLUXOTTICA
Annette Messemer,ESSILORLUXOTTICA
Laurent Vacherot,ESSILORLUXOTTICA
Bernard Hours,ESSILORLUXOTTICA
Philippe Alfroid,ESSILORLUXOTTICA
Marc Onetto,ESSILORLUXOTTICA
Antoine De-Saint-Affrique,ESSILORLUXOTTICA
Louise Frechette,ESSILORLUXOTTICA
Maureen Cavanagh,ESSILORLUXOTTICA
Henrietta Fore,ESSILORLUXOTTICA
Yi He,ESSILORLUXOTTICA
Franck Henrionnet,ESSILORLUXOTTICA
Benoît Bazin,ESSILORLUXOTTICA
Hubert Sagnieres,ESSILORLUXOTTICA
Francois Vigneau,EUROFINS SCIENTIFIC SE
Delphine De-Sahuguet-D'Amarzit,EURONEXT PARIS SA(SOCIETE DES BOURSES FRANCAISES - PARISBOURSE SBF SA - BOURSE DE PARIS)
Sebastien Lalevee,EURONEXT PARIS SA(SOCIETE DES BOURSES FRANCAISES - PARISBOURSE SBF SA - BOURSE DE PARIS)
Blaise Quandalle,EURONEXT PARIS SA(SOCIETE DES BOURSES FRANCAISES - PARISBOURSE SBF SA - BOURSE DE PARIS)
Camille Leca,EURONEXT PARIS SA(SOCIETE DES BOURSES FRANCAISES - PARISBOURSE SBF SA - BOURSE DE PARIS)
Maïlys Ferrere,EURONEXT PARIS SA(SOCIETE DES BOURSES FRANCAISES - PARISBOURSE SBF SA - BOURSE DE PARIS)
Anthony Attia,EURONEXT PARIS SA(SOCIETE DES BOURSES FRANCAISES - PARISBOURSE SBF SA - BOURSE DE PARIS)
Eric Forest,EURONEXT PARIS SA(SOCIETE DES BOURSES FRANCAISES - PARISBOURSE SBF SA - BOURSE DE PARIS)
Delphine De-Sahuguet-D-Amarzit,EURONEXT PARIS SA(SOCIETE DES BOURSES FRANCAISES - PARISBOURSE SBF SA - BOURSE DE PARIS)
Delphine De-Sahuguet-D'Amarzit,EURONEXT PARIS SA(SOCIETE DES BOURSES FRANCAISES - PARISBOURSE SBF SA - BOURSE DE PARIS)
Delphine D'Amarzit,EURONEXT PARIS SA(SOCIETE DES BOURSES FRANCAISES - PARISBOURSE SBF SA - BOURSE DE PARIS)
Laurence Dunand-Chatellet,HERMES INTERNATIONAL
Cécile Beliot,HERMES INTERNATIONAL
Bernard Emie,HERMES INTERNATIONAL
Jean-laurent Bonnafe,HERMES INTERNATIONAL
Prescience Assoh,HERMES INTERNATIONAL
Sas Emile-Hermes,HERMES INTERNATIONAL
Estelle Brachlianoff,HERMES INTERNATIONAL
Dorothee Altmayer,HERMES INTERNATIONAL
Olympia Guerrand,HERMES INTERNATIONAL
Monique Cohen,HERMES INTERNATIONAL
Axel Dumas,HERMES INTERNATIONAL
Blaise Guerrand,HERMES INTERNATIONAL
Eric De-Seynes,HERMES INTERNATIONAL
Charles-eric Bauer,HERMES INTERNATIONAL
Matthieu Dumas,HERMES INTERNATIONAL
Julie Guerrand,HERMES INTERNATIONAL
Renaud Mommeja,HERMES INTERNATIONAL
Anne-lise Muhlmeyer,HERMES INTERNATIONAL
Alexander Viros,HERMES INTERNATIONAL
Dominique Senequier,HERMES INTERNATIONAL
Pureza Cardoso,HERMES INTERNATIONAL
Remy Kroll,HERMES INTERNATIONAL
Frédéric Afriat,HERMES INTERNATIONAL
Robert Peugeot,HERMES INTERNATIONAL
Sharon Macbeath,HERMES INTERNATIONAL
Luca De-Meo,KERING
Giovanna Melandri,KERING
Dominique D'Hinnin,KERING
Xiaoying Duan,KERING
Maureen Chiquet,KERING
Vincent Schaal,KERING
Yonca Dervisoglu,KERING
Serge Weinberg,KERING
Véronique Weill,KERING
Concetta Battaglia,KERING
Pinault Financiere,KERING
Francois Pinault,KERING
Jean-pierre Denis,KERING
Baudouin Prot,KERING
Tidjane Thiam,KERING
Emma Watson,KERING
Jean-francois Palus,KERING
Daniela Riccardi,KERING
Qing Liu,KERING
Claire Lacaze,KERING
Yseulys Munier,KERING
Marie L'Helias,KERING
Ginevra Elkann,KERING
Sapna Sood,KERING
Patricia Barbizet,KERING
Sophie Bouchillou,KERING
Laurence Boone,KERING
Baudoin Prot,KERING
Quing Liu,KERING
Aurélie Jean,L'OREAL(KERASTASE ; MIZANI ; L'ORÉAL PROFESSIONNEL PARIS ; ESSIE PROFESSIONNEL ; BAXTER OF CALIFORNIA ; BIOLAGE ; PARFUMS CACHAREL ; VIKTOR & ROLF PARFUMS ; PARFUMS PALOMA PICASSO ; GARNIER ; GEMEY PARIS MAYBELLINE NEW YORK ; GARNIER MAYBELLINE ; ESSIE ; L'ORÉAL PARIS ; IT COSMETICS ; PARFUMS RALPH LAUREN ; PARFUMS GUY LAROCHE ; PULP RIOT; VALENTINO BEAUTY ; L'ORÉAL LUXE ; AZZARO MUGLER BEAUTÉ ; DECLÉOR ; AZZARO PARFUMS ; THAYERS NATURAL REMEDIES ; MUGLER BEAUTÉ ; SHU UEMURA ART OF HAIR ; MATRIX ; REDKEN ; COLOR WOW - KERASTASE MIZANI L'OREAL PROFESSION)
Tethys,L'OREAL(KERASTASE ; MIZANI ; L'ORÉAL PROFESSIONNEL PARIS ; ESSIE PROFESSIONNEL ; BAXTER OF CALIFORNIA ; BIOLAGE ; PARFUMS CACHAREL ; VIKTOR & ROLF PARFUMS ; PARFUMS PALOMA PICASSO ; GARNIER ; GEMEY PARIS MAYBELLINE NEW YORK ; GARNIER MAYBELLINE ; ESSIE ; L'ORÉAL PARIS ; IT COSMETICS ; PARFUMS RALPH LAUREN ; PARFUMS GUY LAROCHE ; PULP RIOT; VALENTINO BEAUTY ; L'ORÉAL LUXE ; AZZARO MUGLER BEAUTÉ ; DECLÉOR ; AZZARO PARFUMS ; THAYERS NATURAL REMEDIES ; MUGLER BEAUTÉ ; SHU UEMURA ART OF HAIR ; MATRIX ; REDKEN ; COLOR WOW - KERASTASE MIZANI L'OREAL PROFESSION)
Isabelle Seillier,L'OREAL(KERASTASE ; MIZANI ; L'ORÉAL PROFESSIONNEL PARIS ; ESSIE PROFESSIONNEL ; BAXTER OF CALIFORNIA ; BIOLAGE ; PARFUMS CACHAREL ; VIKTOR & ROLF PARFUMS ; PARFUMS PALOMA PICASSO ; GARNIER ; GEMEY PARIS MAYBELLINE NEW YORK ; GARNIER MAYBELLINE ; ESSIE ; L'ORÉAL PARIS ; IT COSMETICS ; PARFUMS RALPH LAUREN ; PARFUMS GUY LAROCHE ; PULP RIOT; VALENTINO BEAUTY ; L'ORÉAL LUXE ; AZZARO MUGLER BEAUTÉ ; DECLÉOR ; AZZARO PARFUMS ; THAYERS NATURAL REMEDIES ; MUGLER BEAUTÉ ; SHU UEMURA ART OF HAIR ; MATRIX ; REDKEN ; COLOR WOW - KERASTASE MIZANI L'OREAL PROFESSION)
Jacques Ripoll,L'OREAL(KERASTASE ; MIZANI ; L'ORÉAL PROFESSIONNEL PARIS ; ESSIE PROFESSIONNEL ; BAXTER OF CALIFORNIA ; BIOLAGE ; PARFUMS CACHAREL ; VIKTOR & ROLF PARFUMS ; PARFUMS PALOMA PICASSO ; GARNIER ; GEMEY PARIS MAYBELLINE NEW YORK ; GARNIER MAYBELLINE ; ESSIE ; L'ORÉAL PARIS ; IT COSMETICS ; PARFUMS RALPH LAUREN ; PARFUMS GUY LAROCHE ; PULP RIOT; VALENTINO BEAUTY ; L'ORÉAL LUXE ; AZZARO MUGLER BEAUTÉ ; DECLÉOR ; AZZARO PARFUMS ; THAYERS NATURAL REMEDIES ; MUGLER BEAUTÉ ; SHU UEMURA ART OF HAIR ; MATRIX ; REDKEN ; COLOR WOW - KERASTASE MIZANI L'OREAL PROFESSION)
Benny De-Vlieger,L'OREAL(KERASTASE ; MIZANI ; L'ORÉAL PROFESSIONNEL PARIS ; ESSIE PROFESSIONNEL ; BAXTER OF CALIFORNIA ; BIOLAGE ; PARFUMS CACHAREL ; VIKTOR & ROLF PARFUMS ; PARFUMS PALOMA PICASSO ; GARNIER ; GEMEY PARIS MAYBELLINE NEW YORK ; GARNIER MAYBELLINE ; ESSIE ; L'ORÉAL PARIS ; IT COSMETICS ; PARFUMS RALPH LAUREN ; PARFUMS GUY LAROCHE ; PULP RIOT; VALENTINO BEAUTY ; L'ORÉAL LUXE ; AZZARO MUGLER BEAUTÉ ; DECLÉOR ; AZZARO PARFUMS ; THAYERS NATURAL REMEDIES ; MUGLER BEAUTÉ ; SHU UEMURA ART OF HAIR ; MATRIX ; REDKEN ; COLOR WOW - KERASTASE MIZANI L'OREAL PROFESSION)
Thierry Hamel,L'OREAL(KERASTASE ; MIZANI ; L'ORÉAL PROFESSIONNEL PARIS ; ESSIE PROFESSIONNEL ; BAXTER OF CALIFORNIA ; BIOLAGE ; PARFUMS CACHAREL ; VIKTOR & ROLF PARFUMS ; PARFUMS PALOMA PICASSO ; GARNIER ; GEMEY PARIS MAYBELLINE NEW YORK ; GARNIER MAYBELLINE ; ESSIE ; L'ORÉAL PARIS ; IT COSMETICS ; PARFUMS RALPH LAUREN ; PARFUMS GUY LAROCHE ; PULP RIOT; VALENTINO BEAUTY ; L'ORÉAL LUXE ; AZZARO MUGLER BEAUTÉ ; DECLÉOR ; AZZARO PARFUMS ; THAYERS NATURAL REMEDIES ; MUGLER BEAUTÉ ; SHU UEMURA ART OF HAIR ; MATRIX ; REDKEN ; COLOR WOW - KERASTASE MIZANI L'OREAL PROFESSION)
Alexandre Ricard,L'OREAL(KERASTASE ; MIZANI ; L'ORÉAL PROFESSIONNEL PARIS ; ESSIE PROFESSIONNEL ; BAXTER OF CALIFORNIA ; BIOLAGE ; PARFUMS CACHAREL ; VIKTOR & ROLF PARFUMS ; PARFUMS PALOMA PICASSO ; GARNIER ; GEMEY PARIS MAYBELLINE NEW YORK ; GARNIER MAYBELLINE ; ESSIE ; L'ORÉAL PARIS ; IT COSMETICS ; PARFUMS RALPH LAUREN ; PARFUMS GUY LAROCHE ; PULP RIOT; VALENTINO BEAUTY ; L'ORÉAL LUXE ; AZZARO MUGLER BEAUTÉ ; DECLÉOR ; AZZARO PARFUMS ; THAYERS NATURAL REMEDIES ; MUGLER BEAUTÉ ; SHU UEMURA ART OF HAIR ; MATRIX ; REDKEN ; COLOR WOW - KERASTASE MIZANI L'OREAL PROFESSION)
Nicolas Hieronimus,L'OREAL(KERASTASE ; MIZANI ; L'ORÉAL PROFESSIONNEL PARIS ; ESSIE PROFESSIONNEL ; BAXTER OF CALIFORNIA ; BIOLAGE ; PARFUMS CACHAREL ; VIKTOR & ROLF PARFUMS ; PARFUMS PALOMA PICASSO ; GARNIER ; GEMEY PARIS MAYBELLINE NEW YORK ; GARNIER MAYBELLINE ; ESSIE ; L'ORÉAL PARIS ; IT COSMETICS ; PARFUMS RALPH LAUREN ; PARFUMS GUY LAROCHE ; PULP RIOT; VALENTINO BEAUTY ; L'ORÉAL LUXE ; AZZARO MUGLER BEAUTÉ ; DECLÉOR ; AZZARO PARFUMS ; THAYERS NATURAL REMEDIES ; MUGLER BEAUTÉ ; SHU UEMURA ART OF HAIR ; MATRIX ; REDKEN ; COLOR WOW - KERASTASE MIZANI L'OREAL PROFESSION)
Ilham Kadri,L'OREAL(KERASTASE ; MIZANI ; L'ORÉAL PROFESSIONNEL PARIS ; ESSIE PROFESSIONNEL ; BAXTER OF CALIFORNIA ; BIOLAGE ; PARFUMS CACHAREL ; VIKTOR & ROLF PARFUMS ; PARFUMS PALOMA PICASSO ; GARNIER ; GEMEY PARIS MAYBELLINE NEW YORK ; GARNIER MAYBELLINE ; ESSIE ; L'ORÉAL PARIS ; IT COSMETICS ; PARFUMS RALPH LAUREN ; PARFUMS GUY LAROCHE ; PULP RIOT; VALENTINO BEAUTY ; L'ORÉAL LUXE ; AZZARO MUGLER BEAUTÉ ; DECLÉOR ; AZZARO PARFUMS ; THAYERS NATURAL REMEDIES ; MUGLER BEAUTÉ ; SHU UEMURA ART OF HAIR ; MATRIX ; REDKEN ; COLOR WOW - KERASTASE MIZANI L'OREAL PROFESSION)
Nicolas Meyers,L'OREAL(KERASTASE ; MIZANI ; L'ORÉAL PROFESSIONNEL PARIS ; ESSIE PROFESSIONNEL ; BAXTER OF CALIFORNIA ; BIOLAGE ; PARFUMS CACHAREL ; VIKTOR & ROLF PARFUMS ; PARFUMS PALOMA PICASSO ; GARNIER ; GEMEY PARIS MAYBELLINE NEW YORK ; GARNIER MAYBELLINE ; ESSIE ; L'ORÉAL PARIS ; IT COSMETICS ; PARFUMS RALPH LAUREN ; PARFUMS GUY LAROCHE ; PULP RIOT; VALENTINO BEAUTY ; L'ORÉAL LUXE ; AZZARO MUGLER BEAUTÉ ; DECLÉOR ; AZZARO PARFUMS ; THAYERS NATURAL REMEDIES ; MUGLER BEAUTÉ ; SHU UEMURA ART OF HAIR ; MATRIX ; REDKEN ; COLOR WOW - KERASTASE MIZANI L'OREAL PROFESSION)
Fabienne Dulac,L'OREAL(KERASTASE ; MIZANI ; L'ORÉAL PROFESSIONNEL PARIS ; ESSIE PROFESSIONNEL ; BAXTER OF CALIFORNIA ; BIOLAGE ; PARFUMS CACHAREL ; VIKTOR & ROLF PARFUMS ; PARFUMS PALOMA PICASSO ; GARNIER ; GEMEY PARIS MAYBELLINE NEW YORK ; GARNIER MAYBELLINE ; ESSIE ; L'ORÉAL PARIS ; IT COSMETICS ; PARFUMS RALPH LAUREN ; PARFUMS GUY LAROCHE ; PULP RIOT; VALENTINO BEAUTY ; L'ORÉAL LUXE ; AZZARO MUGLER BEAUTÉ ; DECLÉOR ; AZZARO PARFUMS ; THAYERS NATURAL REMEDIES ; MUGLER BEAUTÉ ; SHU UEMURA ART OF HAIR ; MATRIX ; REDKEN ; COLOR WOW - KERASTASE MIZANI L'OREAL PROFESSION)
Christophe Babule,L'OREAL(KERASTASE ; MIZANI ; L'ORÉAL PROFESSIONNEL PARIS ; ESSIE PROFESSIONNEL ; BAXTER OF CALIFORNIA ; BIOLAGE ; PARFUMS CACHAREL ; VIKTOR & ROLF PARFUMS ; PARFUMS PALOMA PICASSO ; GARNIER ; GEMEY PARIS MAYBELLINE NEW YORK ; GARNIER MAYBELLINE ; ESSIE ; L'ORÉAL PARIS ; IT COSMETICS ; PARFUMS RALPH LAUREN ; PARFUMS GUY LAROCHE ; PULP RIOT; VALENTINO BEAUTY ; L'ORÉAL LUXE ; AZZARO MUGLER BEAUTÉ ; DECLÉOR ; AZZARO PARFUMS ; THAYERS NATURAL REMEDIES ; MUGLER BEAUTÉ ; SHU UEMURA ART OF HAIR ; MATRIX ; REDKEN ; COLOR WOW - KERASTASE MIZANI L'OREAL PROFESSION)
Patrice Caine,L'OREAL(KERASTASE ; MIZANI ; L'ORÉAL PROFESSIONNEL PARIS ; ESSIE PROFESSIONNEL ; BAXTER OF CALIFORNIA ; BIOLAGE ; PARFUMS CACHAREL ; VIKTOR & ROLF PARFUMS ; PARFUMS PALOMA PICASSO ; GARNIER ; GEMEY PARIS MAYBELLINE NEW YORK ; GARNIER MAYBELLINE ; ESSIE ; L'ORÉAL PARIS ; IT COSMETICS ; PARFUMS RALPH LAUREN ; PARFUMS GUY LAROCHE ; PULP RIOT; VALENTINO BEAUTY ; L'ORÉAL LUXE ; AZZARO MUGLER BEAUTÉ ; DECLÉOR ; AZZARO PARFUMS ; THAYERS NATURAL REMEDIES ; MUGLER BEAUTÉ ; SHU UEMURA ART OF HAIR ; MATRIX ; REDKEN ; COLOR WOW - KERASTASE MIZANI L'OREAL PROFESSION)
Paul Bulcke,L'OREAL(KERASTASE ; MIZANI ; L'ORÉAL PROFESSIONNEL PARIS ; ESSIE PROFESSIONNEL ; BAXTER OF CALIFORNIA ; BIOLAGE ; PARFUMS CACHAREL ; VIKTOR & ROLF PARFUMS ; PARFUMS PALOMA PICASSO ; GARNIER ; GEMEY PARIS MAYBELLINE NEW YORK ; GARNIER MAYBELLINE ; ESSIE ; L'ORÉAL PARIS ; IT COSMETICS ; PARFUMS RALPH LAUREN ; PARFUMS GUY LAROCHE ; PULP RIOT; VALENTINO BEAUTY ; L'ORÉAL LUXE ; AZZARO MUGLER BEAUTÉ ; DECLÉOR ; AZZARO PARFUMS ; THAYERS NATURAL REMEDIES ; MUGLER BEAUTÉ ; SHU UEMURA ART OF HAIR ; MATRIX ; REDKEN ; COLOR WOW - KERASTASE MIZANI L'OREAL PROFESSION)
Beatrice Grabisch,L'OREAL(KERASTASE ; MIZANI ; L'ORÉAL PROFESSIONNEL PARIS ; ESSIE PROFESSIONNEL ; BAXTER OF CALIFORNIA ; BIOLAGE ; PARFUMS CACHAREL ; VIKTOR & ROLF PARFUMS ; PARFUMS PALOMA PICASSO ; GARNIER ; GEMEY PARIS MAYBELLINE NEW YORK ; GARNIER MAYBELLINE ; ESSIE ; L'ORÉAL PARIS ; IT COSMETICS ; PARFUMS RALPH LAUREN ; PARFUMS GUY LAROCHE ; PULP RIOT; VALENTINO BEAUTY ; L'ORÉAL LUXE ; AZZARO MUGLER BEAUTÉ ; DECLÉOR ; AZZARO PARFUMS ; THAYERS NATURAL REMEDIES ; MUGLER BEAUTÉ ; SHU UEMURA ART OF HAIR ; MATRIX ; REDKEN ; COLOR WOW - KERASTASE MIZANI L'OREAL PROFESSION)
Sophie Bellon,L'OREAL(KERASTASE ; MIZANI ; L'ORÉAL PROFESSIONNEL PARIS ; ESSIE PROFESSIONNEL ; BAXTER OF CALIFORNIA ; BIOLAGE ; PARFUMS CACHAREL ; VIKTOR & ROLF PARFUMS ; PARFUMS PALOMA PICASSO ; GARNIER ; GEMEY PARIS MAYBELLINE NEW YORK ; GARNIER MAYBELLINE ; ESSIE ; L'ORÉAL PARIS ; IT COSMETICS ; PARFUMS RALPH LAUREN ; PARFUMS GUY LAROCHE ; PULP RIOT; VALENTINO BEAUTY ; L'ORÉAL LUXE ; AZZARO MUGLER BEAUTÉ ; DECLÉOR ; AZZARO PARFUMS ; THAYERS NATURAL REMEDIES ; MUGLER BEAUTÉ ; SHU UEMURA ART OF HAIR ; MATRIX ; REDKEN ; COLOR WOW - KERASTASE MIZANI L'OREAL PROFESSION)
Jean-victor Meyers,L'OREAL(KERASTASE ; MIZANI ; L'ORÉAL PROFESSIONNEL PARIS ; ESSIE PROFESSIONNEL ; BAXTER OF CALIFORNIA ; BIOLAGE ; PARFUMS CACHAREL ; VIKTOR & ROLF PARFUMS ; PARFUMS PALOMA PICASSO ; GARNIER ; GEMEY PARIS MAYBELLINE NEW YORK ; GARNIER MAYBELLINE ; ESSIE ; L'ORÉAL PARIS ; IT COSMETICS ; PARFUMS RALPH LAUREN ; PARFUMS GUY LAROCHE ; PULP RIOT; VALENTINO BEAUTY ; L'ORÉAL LUXE ; AZZARO MUGLER BEAUTÉ ; DECLÉOR ; AZZARO PARFUMS ; THAYERS NATURAL REMEDIES ; MUGLER BEAUTÉ ; SHU UEMURA ART OF HAIR ; MATRIX ; REDKEN ; COLOR WOW - KERASTASE MIZANI L'OREAL PROFESSION)
Jean-paul Agon,L'OREAL(KERASTASE ; MIZANI ; L'ORÉAL PROFESSIONNEL PARIS ; ESSIE PROFESSIONNEL ; BAXTER OF CALIFORNIA ; BIOLAGE ; PARFUMS CACHAREL ; VIKTOR & ROLF PARFUMS ; PARFUMS PALOMA PICASSO ; GARNIER ; GEMEY PARIS MAYBELLINE NEW YORK ; GARNIER MAYBELLINE ; ESSIE ; L'ORÉAL PARIS ; IT COSMETICS ; PARFUMS RALPH LAUREN ; PARFUMS GUY LAROCHE ; PULP RIOT; VALENTINO BEAUTY ; L'ORÉAL LUXE ; AZZARO MUGLER BEAUTÉ ; DECLÉOR ; AZZARO PARFUMS ; THAYERS NATURAL REMEDIES ; MUGLER BEAUTÉ ; SHU UEMURA ART OF HAIR ; MATRIX ; REDKEN ; COLOR WOW - KERASTASE MIZANI L'OREAL PROFESSION)
Francoise Bettencourt-Meyers,L'OREAL(KERASTASE ; MIZANI ; L'ORÉAL PROFESSIONNEL PARIS ; ESSIE PROFESSIONNEL ; BAXTER OF CALIFORNIA ; BIOLAGE ; PARFUMS CACHAREL ; VIKTOR & ROLF PARFUMS ; PARFUMS PALOMA PICASSO ; GARNIER ; GEMEY PARIS MAYBELLINE NEW YORK ; GARNIER MAYBELLINE ; ESSIE ; L'ORÉAL PARIS ; IT COSMETICS ; PARFUMS RALPH LAUREN ; PARFUMS GUY LAROCHE ; PULP RIOT; VALENTINO BEAUTY ; L'ORÉAL LUXE ; AZZARO MUGLER BEAUTÉ ; DECLÉOR ; AZZARO PARFUMS ; THAYERS NATURAL REMEDIES ; MUGLER BEAUTÉ ; SHU UEMURA ART OF HAIR ; MATRIX ; REDKEN ; COLOR WOW - KERASTASE MIZANI L'OREAL PROFESSION)
Virginie Morgon,L'OREAL(KERASTASE ; MIZANI ; L'ORÉAL PROFESSIONNEL PARIS ; ESSIE PROFESSIONNEL ; BAXTER OF CALIFORNIA ; BIOLAGE ; PARFUMS CACHAREL ; VIKTOR & ROLF PARFUMS ; PARFUMS PALOMA PICASSO ; GARNIER ; GEMEY PARIS MAYBELLINE NEW YORK ; GARNIER MAYBELLINE ; ESSIE ; L'ORÉAL PARIS ; IT COSMETICS ; PARFUMS RALPH LAUREN ; PARFUMS GUY LAROCHE ; PULP RIOT; VALENTINO BEAUTY ; L'ORÉAL LUXE ; AZZARO MUGLER BEAUTÉ ; DECLÉOR ; AZZARO PARFUMS ; THAYERS NATURAL REMEDIES ; MUGLER BEAUTÉ ; SHU UEMURA ART OF HAIR ; MATRIX ; REDKEN ; COLOR WOW - KERASTASE MIZANI L'OREAL PROFESSION)
Belen Garijo,L'OREAL(KERASTASE ; MIZANI ; L'ORÉAL PROFESSIONNEL PARIS ; ESSIE PROFESSIONNEL ; BAXTER OF CALIFORNIA ; BIOLAGE ; PARFUMS CACHAREL ; VIKTOR & ROLF PARFUMS ; PARFUMS PALOMA PICASSO ; GARNIER ; GEMEY PARIS MAYBELLINE NEW YORK ; GARNIER MAYBELLINE ; ESSIE ; L'ORÉAL PARIS ; IT COSMETICS ; PARFUMS RALPH LAUREN ; PARFUMS GUY LAROCHE ; PULP RIOT; VALENTINO BEAUTY ; L'ORÉAL LUXE ; AZZARO MUGLER BEAUTÉ ; DECLÉOR ; AZZARO PARFUMS ; THAYERS NATURAL REMEDIES ; MUGLER BEAUTÉ ; SHU UEMURA ART OF HAIR ; MATRIX ; REDKEN ; COLOR WOW - KERASTASE MIZANI L'OREAL PROFESSION)
Ana De-Melo-Osorio-Do-Amaral-Aparicio-Lopes,L'OREAL(KERASTASE ; MIZANI ; L'ORÉAL PROFESSIONNEL PARIS ; ESSIE PROFESSIONNEL ; BAXTER OF CALIFORNIA ; BIOLAGE ; PARFUMS CACHAREL ; VIKTOR & ROLF PARFUMS ; PARFUMS PALOMA PICASSO ; GARNIER ; GEMEY PARIS MAYBELLINE NEW YORK ; GARNIER MAYBELLINE ; ESSIE ; L'ORÉAL PARIS ; IT COSMETICS ; PARFUMS RALPH LAUREN ; PARFUMS GUY LAROCHE ; PULP RIOT; VALENTINO BEAUTY ; L'ORÉAL LUXE ; AZZARO MUGLER BEAUTÉ ; DECLÉOR ; AZZARO PARFUMS ; THAYERS NATURAL REMEDIES ; MUGLER BEAUTÉ ; SHU UEMURA ART OF HAIR ; MATRIX ; REDKEN ; COLOR WOW - KERASTASE MIZANI L'OREAL PROFESSION)
Georges Liarokapis,L'OREAL(KERASTASE ; MIZANI ; L'ORÉAL PROFESSIONNEL PARIS ; ESSIE PROFESSIONNEL ; BAXTER OF CALIFORNIA ; BIOLAGE ; PARFUMS CACHAREL ; VIKTOR & ROLF PARFUMS ; PARFUMS PALOMA PICASSO ; GARNIER ; GEMEY PARIS MAYBELLINE NEW YORK ; GARNIER MAYBELLINE ; ESSIE ; L'ORÉAL PARIS ; IT COSMETICS ; PARFUMS RALPH LAUREN ; PARFUMS GUY LAROCHE ; PULP RIOT; VALENTINO BEAUTY ; L'ORÉAL LUXE ; AZZARO MUGLER BEAUTÉ ; DECLÉOR ; AZZARO PARFUMS ; THAYERS NATURAL REMEDIES ; MUGLER BEAUTÉ ; SHU UEMURA ART OF HAIR ; MATRIX ; REDKEN ; COLOR WOW - KERASTASE MIZANI L'OREAL PROFESSION)
Bernard Kasriel,L'OREAL(KERASTASE ; MIZANI ; L'ORÉAL PROFESSIONNEL PARIS ; ESSIE PROFESSIONNEL ; BAXTER OF CALIFORNIA ; BIOLAGE ; PARFUMS CACHAREL ; VIKTOR & ROLF PARFUMS ; PARFUMS PALOMA PICASSO ; GARNIER ; GEMEY PARIS MAYBELLINE NEW YORK ; GARNIER MAYBELLINE ; ESSIE ; L'ORÉAL PARIS ; IT COSMETICS ; PARFUMS RALPH LAUREN ; PARFUMS GUY LAROCHE ; PULP RIOT; VALENTINO BEAUTY ; L'ORÉAL LUXE ; AZZARO MUGLER BEAUTÉ ; DECLÉOR ; AZZARO PARFUMS ; THAYERS NATURAL REMEDIES ; MUGLER BEAUTÉ ; SHU UEMURA ART OF HAIR ; MATRIX ; REDKEN ; COLOR WOW - KERASTASE MIZANI L'OREAL PROFESSION)
Eileen Naughton,L'OREAL(KERASTASE ; MIZANI ; L'ORÉAL PROFESSIONNEL PARIS ; ESSIE PROFESSIONNEL ; BAXTER OF CALIFORNIA ; BIOLAGE ; PARFUMS CACHAREL ; VIKTOR & ROLF PARFUMS ; PARFUMS PALOMA PICASSO ; GARNIER ; GEMEY PARIS MAYBELLINE NEW YORK ; GARNIER MAYBELLINE ; ESSIE ; L'ORÉAL PARIS ; IT COSMETICS ; PARFUMS RALPH LAUREN ; PARFUMS GUY LAROCHE ; PULP RIOT; VALENTINO BEAUTY ; L'ORÉAL LUXE ; AZZARO MUGLER BEAUTÉ ; DECLÉOR ; AZZARO PARFUMS ; THAYERS NATURAL REMEDIES ; MUGLER BEAUTÉ ; SHU UEMURA ART OF HAIR ; MATRIX ; REDKEN ; COLOR WOW - KERASTASE MIZANI L'OREAL PROFESSION)
Axel Dumas,L'OREAL(KERASTASE ; MIZANI ; L'ORÉAL PROFESSIONNEL PARIS ; ESSIE PROFESSIONNEL ; BAXTER OF CALIFORNIA ; BIOLAGE ; PARFUMS CACHAREL ; VIKTOR & ROLF PARFUMS ; PARFUMS PALOMA PICASSO ; GARNIER ; GEMEY PARIS MAYBELLINE NEW YORK ; GARNIER MAYBELLINE ; ESSIE ; L'ORÉAL PARIS ; IT COSMETICS ; PARFUMS RALPH LAUREN ; PARFUMS GUY LAROCHE ; PULP RIOT; VALENTINO BEAUTY ; L'ORÉAL LUXE ; AZZARO MUGLER BEAUTÉ ; DECLÉOR ; AZZARO PARFUMS ; THAYERS NATURAL REMEDIES ; MUGLER BEAUTÉ ; SHU UEMURA ART OF HAIR ; MATRIX ; REDKEN ; COLOR WOW - KERASTASE MIZANI L'OREAL PROFESSION)
Christian Mulliez,L'OREAL(KERASTASE ; MIZANI ; L'ORÉAL PROFESSIONNEL PARIS ; ESSIE PROFESSIONNEL ; BAXTER OF CALIFORNIA ; BIOLAGE ; PARFUMS CACHAREL ; VIKTOR & ROLF PARFUMS ; PARFUMS PALOMA PICASSO ; GARNIER ; GEMEY PARIS MAYBELLINE NEW YORK ; GARNIER MAYBELLINE ; ESSIE ; L'ORÉAL PARIS ; IT COSMETICS ; PARFUMS RALPH LAUREN ; PARFUMS GUY LAROCHE ; PULP RIOT; VALENTINO BEAUTY ; L'ORÉAL LUXE ; AZZARO MUGLER BEAUTÉ ; DECLÉOR ; AZZARO PARFUMS ; THAYERS NATURAL REMEDIES ; MUGLER BEAUTÉ ; SHU UEMURA ART OF HAIR ; MATRIX ; REDKEN ; COLOR WOW - KERASTASE MIZANI L'OREAL PROFESSION)
Xavier Fontanet,L'OREAL(KERASTASE ; MIZANI ; L'ORÉAL PROFESSIONNEL PARIS ; ESSIE PROFESSIONNEL ; BAXTER OF CALIFORNIA ; BIOLAGE ; PARFUMS CACHAREL ; VIKTOR & ROLF PARFUMS ; PARFUMS PALOMA PICASSO ; GARNIER ; GEMEY PARIS MAYBELLINE NEW YORK ; GARNIER MAYBELLINE ; ESSIE ; L'ORÉAL PARIS ; IT COSMETICS ; PARFUMS RALPH LAUREN ; PARFUMS GUY LAROCHE ; PULP RIOT; VALENTINO BEAUTY ; L'ORÉAL LUXE ; AZZARO MUGLER BEAUTÉ ; DECLÉOR ; AZZARO PARFUMS ; THAYERS NATURAL REMEDIES ; MUGLER BEAUTÉ ; SHU UEMURA ART OF HAIR ; MATRIX ; REDKEN ; COLOR WOW - KERASTASE MIZANI L'OREAL PROFESSION)
Charles Filippi,L'OREAL(KERASTASE ; MIZANI ; L'ORÉAL PROFESSIONNEL PARIS ; ESSIE PROFESSIONNEL ; BAXTER OF CALIFORNIA ; BIOLAGE ; PARFUMS CACHAREL ; VIKTOR & ROLF PARFUMS ; PARFUMS PALOMA PICASSO ; GARNIER ; GEMEY PARIS MAYBELLINE NEW YORK ; GARNIER MAYBELLINE ; ESSIE ; L'ORÉAL PARIS ; IT COSMETICS ; PARFUMS RALPH LAUREN ; PARFUMS GUY LAROCHE ; PULP RIOT; VALENTINO BEAUTY ; L'ORÉAL LUXE ; AZZARO MUGLER BEAUTÉ ; DECLÉOR ; AZZARO PARFUMS ; THAYERS NATURAL REMEDIES ; MUGLER BEAUTÉ ; SHU UEMURA ART OF HAIR ; MATRIX ; REDKEN ; COLOR WOW - KERASTASE MIZANI L'OREAL PROFESSION)
Peter Brabeck-Letmathe,L'OREAL(KERASTASE ; MIZANI ; L'ORÉAL PROFESSIONNEL PARIS ; ESSIE PROFESSIONNEL ; BAXTER OF CALIFORNIA ; BIOLAGE ; PARFUMS CACHAREL ; VIKTOR & ROLF PARFUMS ; PARFUMS PALOMA PICASSO ; GARNIER ; GEMEY PARIS MAYBELLINE NEW YORK ; GARNIER MAYBELLINE ; ESSIE ; L'ORÉAL PARIS ; IT COSMETICS ; PARFUMS RALPH LAUREN ; PARFUMS GUY LAROCHE ; PULP RIOT; VALENTINO BEAUTY ; L'ORÉAL LUXE ; AZZARO MUGLER BEAUTÉ ; DECLÉOR ; AZZARO PARFUMS ; THAYERS NATURAL REMEDIES ; MUGLER BEAUTÉ ; SHU UEMURA ART OF HAIR ; MATRIX ; REDKEN ; COLOR WOW - KERASTASE MIZANI L'OREAL PROFESSION)
Benny De-Vlierger,L'OREAL(KERASTASE ; MIZANI ; L'ORÉAL PROFESSIONNEL PARIS ; ESSIE PROFESSIONNEL ; BAXTER OF CALIFORNIA ; BIOLAGE ; PARFUMS CACHAREL ; VIKTOR & ROLF PARFUMS ; PARFUMS PALOMA PICASSO ; GARNIER ; GEMEY PARIS MAYBELLINE NEW YORK ; GARNIER MAYBELLINE ; ESSIE ; L'ORÉAL PARIS ; IT COSMETICS ; PARFUMS RALPH LAUREN ; PARFUMS GUY LAROCHE ; PULP RIOT; VALENTINO BEAUTY ; L'ORÉAL LUXE ; AZZARO MUGLER BEAUTÉ ; DECLÉOR ; AZZARO PARFUMS ; THAYERS NATURAL REMEDIES ; MUGLER BEAUTÉ ; SHU UEMURA ART OF HAIR ; MATRIX ; REDKEN ; COLOR WOW - KERASTASE MIZANI L'OREAL PROFESSION)
Jean Meyers,L'OREAL(KERASTASE ; MIZANI ; L'ORÉAL PROFESSIONNEL PARIS ; ESSIE PROFESSIONNEL ; BAXTER OF CALIFORNIA ; BIOLAGE ; PARFUMS CACHAREL ; VIKTOR & ROLF PARFUMS ; PARFUMS PALOMA PICASSO ; GARNIER ; GEMEY PARIS MAYBELLINE NEW YORK ; GARNIER MAYBELLINE ; ESSIE ; L'ORÉAL PARIS ; IT COSMETICS ; PARFUMS RALPH LAUREN ; PARFUMS GUY LAROCHE ; PULP RIOT; VALENTINO BEAUTY ; L'ORÉAL LUXE ; AZZARO MUGLER BEAUTÉ ; DECLÉOR ; AZZARO PARFUMS ; THAYERS NATURAL REMEDIES ; MUGLER BEAUTÉ ; SHU UEMURA ART OF HAIR ; MATRIX ; REDKEN ; COLOR WOW - KERASTASE MIZANI L'OREAL PROFESSION)
Morgan Malecotte,LEGRAND FRANCE
Sophie Camalon,LEGRAND FRANCE
Antoine Burel,LEGRAND FRANCE
Delphine Camilleri,LEGRAND FRANCE
Legrand,LEGRAND FRANCE
David Descamps,LEGRAND FRANCE
Bruno Debatisse,LEGRAND FRANCE
Philippe Jeulin,LEGRAND FRANCE
Benoît Coquart,LEGRAND FRANCE
Patrice Soudan,LEGRAND FRANCE
Alexandre Arnault,"LVMH MOET HENNESSY LOUIS VUITTON(LVMH MOET HENNESSY LOUIS VUITTON"" ""LVMH)"
Wei Christianson,"LVMH MOET HENNESSY LOUIS VUITTON(LVMH MOET HENNESSY LOUIS VUITTON"" ""LVMH)"
Frederic Arnault,"LVMH MOET HENNESSY LOUIS VUITTON(LVMH MOET HENNESSY LOUIS VUITTON"" ""LVMH)"
Henri De-La-Croix-De-Castries,"LVMH MOET HENNESSY LOUIS VUITTON(LVMH MOET HENNESSY LOUIS VUITTON"" ""LVMH)"
Laurent Mignon,"LVMH MOET HENNESSY LOUIS VUITTON(LVMH MOET HENNESSY LOUIS VUITTON"" ""LVMH)"
Bernard Arnault,"LVMH MOET HENNESSY LOUIS VUITTON(LVMH MOET HENNESSY LOUIS VUITTON"" ""LVMH)"
Marie-veronique Belloeil-Melkin,"LVMH MOET HENNESSY LOUIS VUITTON(LVMH MOET HENNESSY LOUIS VUITTON"" ""LVMH)"
Dominique Aumont,"LVMH MOET HENNESSY LOUIS VUITTON(LVMH MOET HENNESSY LOUIS VUITTON"" ""LVMH)"
Sophie Chassat,"LVMH MOET HENNESSY LOUIS VUITTON(LVMH MOET HENNESSY LOUIS VUITTON"" ""LVMH)"
Natacha Valla,"LVMH MOET HENNESSY LOUIS VUITTON(LVMH MOET HENNESSY LOUIS VUITTON"" ""LVMH)"
Clara Gaymard,"LVMH MOET HENNESSY LOUIS VUITTON(LVMH MOET HENNESSY LOUIS VUITTON"" ""LVMH)"
Marie-laure Hannezo,"LVMH MOET HENNESSY LOUIS VUITTON(LVMH MOET HENNESSY LOUIS VUITTON"" ""LVMH)"
Marie-josee Kravis,"LVMH MOET HENNESSY LOUIS VUITTON(LVMH MOET HENNESSY LOUIS VUITTON"" ""LVMH)"
Antoine Arnault,"LVMH MOET HENNESSY LOUIS VUITTON(LVMH MOET HENNESSY LOUIS VUITTON"" ""LVMH)"
Hubert Vedrine,"LVMH MOET HENNESSY LOUIS VUITTON(LVMH MOET HENNESSY LOUIS VUITTON"" ""LVMH)"
Delphine Arnault,"LVMH MOET HENNESSY LOUIS VUITTON(LVMH MOET HENNESSY LOUIS VUITTON"" ""LVMH)"
Antonio Belloni,"LVMH MOET HENNESSY LOUIS VUITTON(LVMH MOET HENNESSY LOUIS VUITTON"" ""LVMH)"
Yves-thibault De-Silguy,"LVMH MOET HENNESSY LOUIS VUITTON(LVMH MOET HENNESSY LOUIS VUITTON"" ""LVMH)"
Nicolas Bazire,"LVMH MOET HENNESSY LOUIS VUITTON(LVMH MOET HENNESSY LOUIS VUITTON"" ""LVMH)"
Charles Wiener-De-Croisset,"LVMH MOET HENNESSY LOUIS VUITTON(LVMH MOET HENNESSY LOUIS VUITTON"" ""LVMH)"
Diego Della-Valle,"LVMH MOET HENNESSY LOUIS VUITTON(LVMH MOET HENNESSY LOUIS VUITTON"" ""LVMH)"
Iris Knobloch,"LVMH MOET HENNESSY LOUIS VUITTON(LVMH MOET HENNESSY LOUIS VUITTON"" ""LVMH)"
Charles Powell,"LVMH MOET HENNESSY LOUIS VUITTON(LVMH MOET HENNESSY LOUIS VUITTON"" ""LVMH)"
Bernadette Chirac,"LVMH MOET HENNESSY LOUIS VUITTON(LVMH MOET HENNESSY LOUIS VUITTON"" ""LVMH)"
Pierre Gode,"LVMH MOET HENNESSY LOUIS VUITTON(LVMH MOET HENNESSY LOUIS VUITTON"" ""LVMH)"
Albert Frere,"LVMH MOET HENNESSY LOUIS VUITTON(LVMH MOET HENNESSY LOUIS VUITTON"" ""LVMH)"
Victoire De-Lajudie,MANUFACTURE FRANCAISE DES PNEUMATIQUES MICHELIN
Florent Menegaux,MANUFACTURE FRANCAISE DES PNEUMATIQUES MICHELIN
Yves Chapot,MANUFACTURE FRANCAISE DES PNEUMATIQUES MICHELIN
Carine Damois,MANUFACTURE FRANCAISE DES PNEUMATIQUES MICHELIN
Nour Bouhassoun,MANUFACTURE FRANCAISE DES PNEUMATIQUES MICHELIN
Michelin Compagnie-Generale-Des-Etablissements,MANUFACTURE FRANCAISE DES PNEUMATIQUES MICHELIN
Spika,MANUFACTURE FRANCAISE DES PNEUMATIQUES MICHELIN
Services Michelin-Air,MANUFACTURE FRANCAISE DES PNEUMATIQUES MICHELIN
Michelin Societe-De-Gerance-De-La-Manufacture,MANUFACTURE FRANCAISE DES PNEUMATIQUES MICHELIN
Emmanuel Pasquier,MANUFACTURE FRANCAISE DES PNEUMATIQUES MICHELIN
Lorenzo Rosso,MANUFACTURE FRANCAISE DES PNEUMATIQUES MICHELIN
Rémi De-Verdilhac,MANUFACTURE FRANCAISE DES PNEUMATIQUES MICHELIN
Bénédicte De-Bonnechose,MANUFACTURE FRANCAISE DES PNEUMATIQUES MICHELIN
Marc Henry,MANUFACTURE FRANCAISE DES PNEUMATIQUES MICHELIN
Jean Senard,MANUFACTURE FRANCAISE DES PNEUMATIQUES MICHELIN
Benoit Balmary,MANUFACTURE FRANCAISE DES PNEUMATIQUES MICHELIN
Xavier Jeanson,MANUFACTURE FRANCAISE DES PNEUMATIQUES MICHELIN
Louis Chodron-De-Courcel,MANUFACTURE FRANCAISE DES PNEUMATIQUES MICHELIN
Christian Tschann,MANUFACTURE FRANCAISE DES PNEUMATIQUES MICHELIN
Jean Moreau,MANUFACTURE FRANCAISE DES PNEUMATIQUES MICHELIN
Pierre Chaussoneaux,ORANGE
Gilles Grapinet,ORANGE
Momar Nguer,ORANGE
Celine Fornaro,ORANGE
Jacques Aschenbroich,ORANGE
Valerie Beaulieu,ORANGE
Christel Heydemann,ORANGE
Vincent Gimeno,ORANGE
Frederic Sanchez,ORANGE
Anne Heilbronner,ORANGE
Sebastien Crozier,ORANGE
Alexandre Bompard,ORANGE
Anne Lange,ORANGE
Participations Bpifrance,ORANGE
Magali Vallee,ORANGE
Thierry Chatelier,ORANGE
Jean-michel Severino,ORANGE
Bernard Ramanantsoa,ORANGE
Ramon Fernandez,ORANGE
Laurence Dalboussière,ORANGE
Stéphane Richard,ORANGE
Gervais Pellissier,ORANGE
Helle Hasle,ORANGE
Fabrice Jolys,ORANGE
René Ollier,ORANGE
Claire Vernet-Garnier,ORANGE
Helene Dantoine,ORANGE
Philippe Charry,ORANGE
Charles Filippi,ORANGE
Luc Marino,ORANGE
Parimouna Paquet,ORANGE
Lucie Muniesa,ORANGE
Pierre Louette,ORANGE
Hélène Marcy,ORANGE
Daniel Guillot,ORANGE
Ghislaine Coinaud,ORANGE
Daniel Bertho,ORANGE
José Duran,ORANGE
Stéphanie Besnier,ORANGE
Jean Lemierre,PERNOD RICARD
Albert Baladi-Moanack,PERNOD RICARD
Max Koeune,PERNOD RICARD
Carla Greggio,PERNOD RICARD
Brice Thommen,PERNOD RICARD
Virginie Fauvel,PERNOD RICARD
Philippe Petitcolin,PERNOD RICARD
Patricia Barbizet,PERNOD RICARD
Ricard Societe-Paul,PERNOD RICARD
Anne Lange,PERNOD RICARD
Kory Sorenson,PERNOD RICARD
Veronica Vargas-Giron,PERNOD RICARD
Ian Gallienne,PERNOD RICARD
Cesar Giron,PERNOD RICARD
Alexandre Ricard,PERNOD RICARD
Namita Shah,PERNOD RICARD
Wolfgang Colberg,PERNOD RICARD
Maria Carrasco-Lopez,PERNOD RICARD
Stéphane Emery,PERNOD RICARD
Esther Berrozpe-Galindo,PERNOD RICARD
Gilles Samyn,PERNOD RICARD
Manousos Charkoftakis,PERNOD RICARD
Sylvain Carre,PERNOD RICARD
Martina Gonzalez-Gallarza,PERNOD RICARD
Pierre Pringuet,PERNOD RICARD
Nicole Bouton,PERNOD RICARD
Tidjane Thiam,PUBLICIS GROUPE S.A.
Patricia Velay,PUBLICIS GROUPE S.A.
Antonella Mei,PUBLICIS GROUPE S.A.
Suzan Levine,PUBLICIS GROUPE S.A.
Pierre Penicaud,PUBLICIS GROUPE S.A.
Elisabeth Badinter,PUBLICIS GROUPE S.A.
Arthur Sadoun,PUBLICIS GROUPE S.A.
Andre Kudelski,PUBLICIS GROUPE S.A.
Thomas Glocer,PUBLICIS GROUPE S.A.
Jean Charest,PUBLICIS GROUPE S.A.
Marie-josee Kravis,PUBLICIS GROUPE S.A.
Simon Badinter,PUBLICIS GROUPE S.A.
Sophie Dulac,PUBLICIS GROUPE S.A.
Loris Nold,PUBLICIS GROUPE S.A.
Maurice Levy,PUBLICIS GROUPE S.A.
Anne-gabrielle Lahoud,PUBLICIS GROUPE S.A.
Michel Proch,PUBLICIS GROUPE S.A.
Stephen King,PUBLICIS GROUPE S.A.
Cherie Nursalim,PUBLICIS GROUPE S.A.
Enrico Letta,PUBLICIS GROUPE S.A.
Jean Etienne,PUBLICIS GROUPE S.A.
Marie Mayer,PUBLICIS GROUPE S.A.
Véronique Morali,PUBLICIS GROUPE S.A.
Claudine Bienaime,PUBLICIS GROUPE S.A.
Michel Cicurel,PUBLICIS GROUPE S.A.
Sophie Badinter,PUBLICIS GROUPE S.A.
Jerry Greenberg,PUBLICIS GROUPE S.A.
Sébastien Jacquet,RENAULT SAS
Armelle De-Madre,RENAULT SAS
François Provost,RENAULT SAS
Anne-laure Parrical-De-Chammard,RENAULT SAS
Pierre Loing,RENAULT SAS
Michelle Baron,RENAULT SAS
Constance Marechel-Derau,RENAULT SAS
Eric Vidal,RENAULT SAS
Alexis Zajdenweber,RENAULT SAS
Bernard Delpit,RENAULT SAS
Noel Desgrippes,RENAULT SAS
Jean-dominique Senard,RENAULT SAS
Annette Winkler,RENAULT SAS
Pierre Fleuriot,RENAULT SAS
Miriem Bensalah-Chaqroun,RENAULT SAS
Richard Gentil,RENAULT SAS
Luca De-Meo,RENAULT SAS
Joji Tagawa,RENAULT SAS
Thomas Courbe,RENAULT SAS
Catherine Barba,RENAULT SAS
Marie-annick Darmaillac,RENAULT SAS
Yu Serizawa,RENAULT SAS
Eric Personne,RENAULT SAS
Frederic Barrat,RENAULT SAS
Frédéric Mazzella,RENAULT SAS
Vincent Le-Biez,RENAULT SAS
Frédéric Mazella,RENAULT SAS
Martin Vial,RENAULT SAS
Pascale Sourisse,RENAULT SAS
Patrick Thomas,RENAULT SAS
Benoît Ostertag,RENAULT SAS
Thierry Derez,RENAULT SAS
Ronghong Qiu,RENAULT SAS
Yasuhiro Yamauchi,RENAULT SAS
Thierry Bollore,RENAULT SAS
Philippe Lagayette,RENAULT SAS
Cherie Blair,RENAULT SAS
Pascal Faure,RENAULT SAS
Marc Ladreit-De-Lacharriere,RENAULT SAS
Thierry Desmarest,RENAULT SAS
Franck Riboud,RENAULT SAS
Alain Belda-Fernandez,RENAULT SAS
Dominique Payen-De-La-Garanderie,RENAULT SAS
Amelle De-Madre,RENAULT SAS
Carlos Ghosn-Bichara,RENAULT SAS
Valérie Baudson,SAFRAN
Pascale Clin,SAFRAN
Ivan Hardouin,SAFRAN
Fabrice Bregier,SAFRAN
Celine Fornaro,SAFRAN
Robert Peugeot,SAFRAN
Christele Debarenne-Fievet,SAFRAN
Alexandre Lahousse,SAFRAN
Fabienne Lecorvaisier,SAFRAN
Olivier Andriès,SAFRAN
Patricia Bellinger,SAFRAN
Anne Aubert,SAFRAN
Laurent Guillot,SAFRAN
Patrick Pélata,SAFRAN
Monique Cohen,SAFRAN
Ross Mc-Innes,SAFRAN
Helene Potier,SAFRAN
Marc Aubry,SAFRAN
Herve Chaillou,SAFRAN
Jean Chameau,SAFRAN
Stéphanie Besnier,SAFRAN
Sophie Zurquiyah,SAFRAN
Sas F&P,SAFRAN
Daniel Mazaltarim,SAFRAN
Vincent Imbert,SAFRAN
Didier Domange,SAFRAN
Suzanne Kucharekova,SAFRAN
Odile Desforges,SAFRAN
Philippe Petitcolin,SAFRAN
Hélène Dantoine,SAFRAN
Fernanda Saraiva,SAFRAN
Gérard Mardiné,SAFRAN
Brigitte Lesschaeve,SAFRAN
Eliane Copin,SAFRAN
Caroline Laurent,SAFRAN
Patrick Gandil,SAFRAN
Lucie Muniesa,SAFRAN
Christian Streiff,SAFRAN
Jean Forneri,SAFRAN
Frédéric Bourges,SAFRAN
Giovanni Bisignani,SAFRAN
Xavier Lagarde,SAFRAN
Elisabeth Lulin,SAFRAN
Ross Innes,SAFRAN
Céline Fornano,SAFRAN
Céline Fornaro,SAFRAN
Aymeric Renaud,SCHNEIDER ELECTRIC FRANCE
Laurent Bataille,SCHNEIDER ELECTRIC FRANCE
Christel Heydemann,SCHNEIDER ELECTRIC FRANCE
Laura Barlow,SG SOCIETE GENERALE(SOCIETE GENERALE - AGENCE CENTRALE)
Olivier Klein,SG SOCIETE GENERALE(SOCIETE GENERALE - AGENCE CENTRALE)
Ingrid-helen Arnold,SG SOCIETE GENERALE(SOCIETE GENERALE - AGENCE CENTRALE)
Pierre Palmieri,SG SOCIETE GENERALE(SOCIETE GENERALE - AGENCE CENTRALE)
Benoit De-Ruffray,SG SOCIETE GENERALE(SOCIETE GENERALE - AGENCE CENTRALE)
Maria Ekman,SG SOCIETE GENERALE(SOCIETE GENERALE - AGENCE CENTRALE)
Slawomir Krupa,SG SOCIETE GENERALE(SOCIETE GENERALE - AGENCE CENTRALE)
Henri Poupart-Lafarge,SG SOCIETE GENERALE(SOCIETE GENERALE - AGENCE CENTRALE)
Sebastien Wetter,SG SOCIETE GENERALE(SOCIETE GENERALE - AGENCE CENTRALE)
Johan Praud,SG SOCIETE GENERALE(SOCIETE GENERALE - AGENCE CENTRALE)
Annette Messemer,SG SOCIETE GENERALE(SOCIETE GENERALE - AGENCE CENTRALE)
Diane Côté,SG SOCIETE GENERALE(SOCIETE GENERALE - AGENCE CENTRALE)
Jerome Contamine,SG SOCIETE GENERALE(SOCIETE GENERALE - AGENCE CENTRALE)
William Connelly,SG SOCIETE GENERALE(SOCIETE GENERALE - AGENCE CENTRALE)
Lorenzo Bini-Smaghi,SG SOCIETE GENERALE(SOCIETE GENERALE - AGENCE CENTRALE)
France Houssaye,SG SOCIETE GENERALE(SOCIETE GENERALE - AGENCE CENTRALE)
Beatrice Dumurgier,SG SOCIETE GENERALE(SOCIETE GENERALE - AGENCE CENTRALE)
Frederic Oudea,SG SOCIETE GENERALE(SOCIETE GENERALE - AGENCE CENTRALE)
Dioni Lebot,SG SOCIETE GENERALE(SOCIETE GENERALE - AGENCE CENTRALE)
Kyra Hazou,SG SOCIETE GENERALE(SOCIETE GENERALE - AGENCE CENTRALE)
Gerard Mestrallet,SG SOCIETE GENERALE(SOCIETE GENERALE - AGENCE CENTRALE)
Juan Nin-Genova,SG SOCIETE GENERALE(SOCIETE GENERALE - AGENCE CENTRALE)
David Leroux,SG SOCIETE GENERALE(SOCIETE GENERALE - AGENCE CENTRALE)
Jean Levy,SG SOCIETE GENERALE(SOCIETE GENERALE - AGENCE CENTRALE)
Séverin Cabannes,SG SOCIETE GENERALE(SOCIETE GENERALE - AGENCE CENTRALE)
Philippe Heim,SG SOCIETE GENERALE(SOCIETE GENERALE - AGENCE CENTRALE)
Nathalie Rachou,SG SOCIETE GENERALE(SOCIETE GENERALE - AGENCE CENTRALE)
Philippe Aymerich,SG SOCIETE GENERALE(SOCIETE GENERALE - AGENCE CENTRALE)
Robert Castaigne,SG SOCIETE GENERALE(SOCIETE GENERALE - AGENCE CENTRALE)
Béatrice Lepagnol,SG SOCIETE GENERALE(SOCIETE GENERALE - AGENCE CENTRALE)
Ana Llopis-Rivas,SG SOCIETE GENERALE(SOCIETE GENERALE - AGENCE CENTRALE)
Bernardo Sanchez-Incera,SG SOCIETE GENERALE(SOCIETE GENERALE - AGENCE CENTRALE)
Lubomira Rochet,SG SOCIETE GENERALE(SOCIETE GENERALE - AGENCE CENTRALE)
Didier Valet,SG SOCIETE GENERALE(SOCIETE GENERALE - AGENCE CENTRALE)
Barbara Dalibard,SG SOCIETE GENERALE(SOCIETE GENERALE - AGENCE CENTRALE)
Alexandra Schaapveld,SG SOCIETE GENERALE(SOCIETE GENERALE - AGENCE CENTRALE)
Xavier Chereau,STELLANTIS N.V
François Fay,STELLANTIS N.V
Frederique Messeri,STMICROELECTRONICS FRANCE
Florent Berthelot,STMICROELECTRONICS FRANCE
Laurent Malier,STMICROELECTRONICS FRANCE
Marie-france Florentin,STMICROELECTRONICS FRANCE
Claude Morant,STMICROELECTRONICS FRANCE
Thierry Tingaud,STMICROELECTRONICS FRANCE
Jocelyne Garnier,STMICROELECTRONICS FRANCE
Patrick Galloy,STMICROELECTRONICS FRANCE
Carlo Ferro,STMICROELECTRONICS FRANCE
Gérard Matheron,STMICROELECTRONICS FRANCE
Stéphane Jubault,THALES
Valérie Guillemet,THALES
Ruby Mcgregor-Smith,THALES
Alexis Zajdenweber,THALES
Loic Rocard,THALES
Marianna Nitsch,THALES
Anne Rigail,THALES
Bernard Fontana,THALES
Patrice Caine,THALES
Loik Segalen,THALES
Marie-francoise Walbaum,THALES
Anne-claire Meyer,THALES
Philippe Lepinay,THALES
Eric Trappier,THALES
Delphine Stephann,THALES
Anne-marie Schmit,THALES
Nadine Relier-David,THALES
Charles Edelstenne,THALES
Ann Taylor,THALES
Emmanuel Moulin,THALES
Philippe Knoche,THALES
Armelle De-Madre,THALES
Frédérique Sainct,THALES
Delphine De-Sahuguet-D'Amarzit,THALES
Laurence Broseta,THALES
Odile Basso,THALES
Yannick D'-Escatha,THALES
Guylaine Dyevre,THALES
Laurent Collet-Billon,THALES
Martin Vial,THALES
Heyoung Lee,TOTALENERGIES SE(TOTALENERGIE SE)
Laurent Mignon,TOTALENERGIES SE(TOTALENERGIE SE)
Marie-ange Debon,TOTALENERGIES SE(TOTALENERGIE SE)
Dierk Paskert,TOTALENERGIES SE(TOTALENERGIE SE)
Anelise Quintao-Lara,TOTALENERGIES SE(TOTALENERGIE SE)
Jacques Aschenbroich,TOTALENERGIES SE(TOTALENERGIE SE)
Robert Hubbard,TOTALENERGIES SE(TOTALENERGIE SE)
Angel Pobo,TOTALENERGIES SE(TOTALENERGIE SE)
Romain Garcia-Ivaldi,TOTALENERGIES SE(TOTALENERGIE SE)
Lise Croteau,TOTALENERGIES SE(TOTALENERGIE SE)
Valérie Della-Puppa,TOTALENERGIES SE(TOTALENERGIE SE)
Patrick Pouyanne,TOTALENERGIES SE(TOTALENERGIE SE)
Marie Coisne,TOTALENERGIES SE(TOTALENERGIE SE)
Mark Cutifani,TOTALENERGIES SE(TOTALENERGIE SE)
Emma De-Jonge,TOTALENERGIES SE(TOTALENERGIE SE)
Jean Lemierre,TOTALENERGIES SE(TOTALENERGIE SE)
Maria Van-Der-Hoeven,TOTALENERGIES SE(TOTALENERGIE SE)
Anne Idrac,TOTALENERGIES SE(TOTALENERGIE SE)
Jerome Contamine,TOTALENERGIES SE(TOTALENERGIE SE)
Patricia Barbizet,TOTALENERGIES SE(TOTALENERGIE SE)
Patrick Artus,TOTALENERGIES SE(TOTALENERGIE SE)
Romain Garcia-Ivaldi,TOTALENERGIES SE(TOTALENERGIE SE)
Christine Renaud,TOTALENERGIES SE(TOTALENERGIE SE)
Carlos Antunes-Tavares-Dias,TOTALENERGIES SE(TOTALENERGIE SE)
Gérard Lamarche,TOTALENERGIES SE(TOTALENERGIE SE)
Renata Perycz,TOTALENERGIES SE(TOTALENERGIE SE)
Marc Blanc,TOTALENERGIES SE(TOTALENERGIE SE)
Barbara Kux,TOTALENERGIES SE(TOTALENERGIE SE)
Paul Desmarais,TOTALENERGIES SE(TOTALENERGIE SE)
Kathleen Verelst,URW SE UNIBAIL-RODAMCO-WESTFIELD SE(UNIBAIL-RODAMCO-WESTFIELD)
Jules Niel,URW SE UNIBAIL-RODAMCO-WESTFIELD SE(UNIBAIL-RODAMCO-WESTFIELD)
Michael Boukobza,URW SE UNIBAIL-RODAMCO-WESTFIELD SE(UNIBAIL-RODAMCO-WESTFIELD)
Jacques Richier,URW SE UNIBAIL-RODAMCO-WESTFIELD SE(UNIBAIL-RODAMCO-WESTFIELD)
Sara Nelson,URW SE UNIBAIL-RODAMCO-WESTFIELD SE(UNIBAIL-RODAMCO-WESTFIELD)
Vincent Rouget,URW SE UNIBAIL-RODAMCO-WESTFIELD SE(UNIBAIL-RODAMCO-WESTFIELD)
Anne-sophie Bohuon,URW SE UNIBAIL-RODAMCO-WESTFIELD SE(UNIBAIL-RODAMCO-WESTFIELD)
Sylvain Montcouquiol,URW SE UNIBAIL-RODAMCO-WESTFIELD SE(UNIBAIL-RODAMCO-WESTFIELD)
Aline Walbaum,URW SE UNIBAIL-RODAMCO-WESTFIELD SE(UNIBAIL-RODAMCO-WESTFIELD)
Julie Avrane,URW SE UNIBAIL-RODAMCO-WESTFIELD SE(UNIBAIL-RODAMCO-WESTFIELD)
Xavier Niel,URW SE UNIBAIL-RODAMCO-WESTFIELD SE(UNIBAIL-RODAMCO-WESTFIELD)
Fabrice Mouchel,URW SE UNIBAIL-RODAMCO-WESTFIELD SE(UNIBAIL-RODAMCO-WESTFIELD)
Roderick Munsters,URW SE UNIBAIL-RODAMCO-WESTFIELD SE(UNIBAIL-RODAMCO-WESTFIELD)
Jean-marie Tritant,URW SE UNIBAIL-RODAMCO-WESTFIELD SE(UNIBAIL-RODAMCO-WESTFIELD)
Susana Gallardo-Torrededia,URW SE UNIBAIL-RODAMCO-WESTFIELD SE(UNIBAIL-RODAMCO-WESTFIELD)
Michel Dessolain,URW SE UNIBAIL-RODAMCO-WESTFIELD SE(UNIBAIL-RODAMCO-WESTFIELD)
Cecile Cabanis,URW SE UNIBAIL-RODAMCO-WESTFIELD SE(UNIBAIL-RODAMCO-WESTFIELD)
Dagmar Kollmann,URW SE UNIBAIL-RODAMCO-WESTFIELD SE(UNIBAIL-RODAMCO-WESTFIELD)
Caroline Puechoultres,URW SE UNIBAIL-RODAMCO-WESTFIELD SE(UNIBAIL-RODAMCO-WESTFIELD)
John Mcfarlane,URW SE UNIBAIL-RODAMCO-WESTFIELD SE(UNIBAIL-RODAMCO-WESTFIELD)
Olivier Bossard,URW SE UNIBAIL-RODAMCO-WESTFIELD SE(UNIBAIL-RODAMCO-WESTFIELD)
Astrid Panosyan,URW SE UNIBAIL-RODAMCO-WESTFIELD SE(UNIBAIL-RODAMCO-WESTFIELD)
Colin Dyer,URW SE UNIBAIL-RODAMCO-WESTFIELD SE(UNIBAIL-RODAMCO-WESTFIELD)
Jill Granoff,URW SE UNIBAIL-RODAMCO-WESTFIELD SE(UNIBAIL-RODAMCO-WESTFIELD)
Christophe Cuvillier,URW SE UNIBAIL-RODAMCO-WESTFIELD SE(UNIBAIL-RODAMCO-WESTFIELD)
Jacob Tonckens,URW SE UNIBAIL-RODAMCO-WESTFIELD SE(UNIBAIL-RODAMCO-WESTFIELD)
Philippe Collombel,URW SE UNIBAIL-RODAMCO-WESTFIELD SE(UNIBAIL-RODAMCO-WESTFIELD)
Jacqueline Tammenoms-Bakker,URW SE UNIBAIL-RODAMCO-WESTFIELD SE(UNIBAIL-RODAMCO-WESTFIELD)
Sophie Stabile,URW SE UNIBAIL-RODAMCO-WESTFIELD SE(UNIBAIL-RODAMCO-WESTFIELD)
Jacques Stern,URW SE UNIBAIL-RODAMCO-WESTFIELD SE(UNIBAIL-RODAMCO-WESTFIELD)
Mary Harris,URW SE UNIBAIL-RODAMCO-WESTFIELD SE(UNIBAIL-RODAMCO-WESTFIELD)
Peter Lowy,URW SE UNIBAIL-RODAMCO-WESTFIELD SE(UNIBAIL-RODAMCO-WESTFIELD)
Jean Laurens,URW SE UNIBAIL-RODAMCO-WESTFIELD SE(UNIBAIL-RODAMCO-WESTFIELD)
Alexander Pelmore,URW SE UNIBAIL-RODAMCO-WESTFIELD SE(UNIBAIL-RODAMCO-WESTFIELD)
Robert Ter-Haar,URW SE UNIBAIL-RODAMCO-WESTFIELD SE(UNIBAIL-RODAMCO-WESTFIELD)
Yves Lyon-Caen,URW SE UNIBAIL-RODAMCO-WESTFIELD SE(UNIBAIL-RODAMCO-WESTFIELD)
Leon Bressler,URW SE UNIBAIL-RODAMCO-WESTFIELD SE(UNIBAIL-RODAMCO-WESTFIELD)
Robert Van-Oordt,URW SE UNIBAIL-RODAMCO-WESTFIELD SE(UNIBAIL-RODAMCO-WESTFIELD)
Joost Bomhoff,URW SE UNIBAIL-RODAMCO-WESTFIELD SE(UNIBAIL-RODAMCO-WESTFIELD)
Hubertus Okkens,URW SE UNIBAIL-RODAMCO-WESTFIELD SE(UNIBAIL-RODAMCO-WESTFIELD)
Karel Ledeboer,URW SE UNIBAIL-RODAMCO-WESTFIELD SE(UNIBAIL-RODAMCO-WESTFIELD)
Josephus Westerburgen,URW SE UNIBAIL-RODAMCO-WESTFIELD SE(UNIBAIL-RODAMCO-WESTFIELD)
Elena Salgado-Mendez,VEOLIA ENVIRONNEMENT
Arnaud Caudoux,VEOLIA ENVIRONNEMENT
Philippe Brassac,VEOLIA ENVIRONNEMENT
Julia Marton-Lefevre,VEOLIA ENVIRONNEMENT
Veronique Bedague,VEOLIA ENVIRONNEMENT
Olivier Andries,VEOLIA ENVIRONNEMENT
Estelle Brachlianoff,VEOLIA ENVIRONNEMENT
Agata Mazurek-Bak,VEOLIA ENVIRONNEMENT
Pierre De-Chalendar,VEOLIA ENVIRONNEMENT
Franck Le-Roux,VEOLIA ENVIRONNEMENT
Guillaume Texier,VEOLIA ENVIRONNEMENT
Isabelle Courville,VEOLIA ENVIRONNEMENT
Pavel Pasa,VEOLIA ENVIRONNEMENT
Maryse Aulagnon,VEOLIA ENVIRONNEMENT
Antoine Frerot,VEOLIA ENVIRONNEMENT
Francisco Reynes-Massanet,VEOLIA ENVIRONNEMENT
Marion Guillou,VEOLIA ENVIRONNEMENT
Nathalie Rachou,VEOLIA ENVIRONNEMENT
Louis Schweitzer,VEOLIA ENVIRONNEMENT
Clara Gaymard,VEOLIA ENVIRONNEMENT
Consignations Caisse-Des-Depots-Et,VEOLIA ENVIRONNEMENT
Jacques Aschenbroich,VEOLIA ENVIRONNEMENT
Paolo Scaroni,VEOLIA ENVIRONNEMENT
Baudoin Prot,VEOLIA ENVIRONNEMENT
Homaira Akbari,VEOLIA ENVIRONNEMENT
Pierre Victoria,VEOLIA ENVIRONNEMENT
Daniel Bouton,VEOLIA ENVIRONNEMENT
Qatar Qatari-Diar-Real-Estate-Investment-Company---Registre-Public-:-29721,VEOLIA ENVIRONNEMENT
Frédéric Nougarède,VINCI
Pierre Anjolras,VINCI
Victoria Zingoni-Dominguez-Maria,VINCI
Karla Bertocco-Trindade,VINCI
Carlos Aguilar,VINCI
Annette Messemer,VINCI
Roberto Migliardi,VINCI
Claude Laruelle,VINCI
Alain Saïd,VINCI
Benoit Bazin,VINCI
Caroline Gregoire-Sainte-Marie,VINCI
Rene Medori,VINCI
Xavier Huillard,VINCI
Marie-christine Lombard,VINCI
Yannick Assouad,VINCI
Dominique Joly-Pottuz,VINCI
Graziella Gavezotti,VINCI
Llc Qatar-Holding,VINCI
Ana Machado-Pessoa,VINCI
Robert Castaigne,VINCI
Pascale Sourisse,VINCI
Roberto Castaigne,VINCI
Robet Migliardi,VINCI
Pascale Sourisse,VINCI
Miloud Hakimi,VINCI
Yves De-Silguy,VINCI
Uwe Chlebos,VINCI
Michael Pragnell,VINCI
Jean Lamoure,VINCI
Josiane Marquez,VINCI
Henri Saint-Olive,VINCI
Philippe Relland-Bernard,EDENRED FRANCE(TICKET RESTAURANT - ACCENTIV')
Ilan Ouanounou,EDENRED FRANCE(TICKET RESTAURANT - ACCENTIV')
Arnaud Erulin,EDENRED FRANCE(TICKET RESTAURANT - ACCENTIV')
Patrick Langlois,EDENRED FRANCE(TICKET RESTAURANT - ACCENTIV')
Julien Tanguy,EDENRED FRANCE(TICKET RESTAURANT - ACCENTIV')
Vianney Du-Parc,EDENRED FRANCE(TICKET RESTAURANT - ACCENTIV')
Partick Bataillard,EDENRED FRANCE(TICKET RESTAURANT - ACCENTIV')
Patrick Bataillard,EDENRED FRANCE(TICKET RESTAURANT - ACCENTIV')
Bernard Osta,VIVENDI SE
Laure Delahousse,VIVENDI SE
Céline Merle-Beral,VIVENDI SE
François Laroze,VIVENDI SE
Maud Fontenoy,VIVENDI SE
Laurent Dassault,VIVENDI SE
Sandrine Le-Bihan,VIVENDI SE
Yannick Bolloré,VIVENDI SE
Frédéric Crepin,VIVENDI SE
Catherine Lawson,VIVENDI SE
Katie Jacobs-Stanton,VIVENDI SE
Philippe Benacin,VIVENDI SE
Arnaud Roy-De-Puyfontaine,VIVENDI SE
Philippe Labro,VIVENDI SE
Véronique Argentin,VIVENDI SE
Nicusor Cojocaru,VIVENDI SE
Sébastien Bollore,VIVENDI SE
Cyrille Bollore,VIVENDI SE
Michele Reiser,VIVENDI SE
Paulo Cardoso,VIVENDI SE
Group Mont-Pierson,VIVENDI SE
William Gates,VIVENDI SE
Lucie Strnadova,VIVENDI SE
Maxime Saada,VIVENDI SE
Claire Leost,VIVENDI SE
Athina Vasilogiannaki,VIVENDI SE
Dominique Delport,VIVENDI SE
Cédric De-Bailliencourt,VIVENDI SE
Gilles Alix,VIVENDI SE
Stéphane Roussel,VIVENDI SE
Hervé Philippe,VIVENDI SE
Simon Gillham,VIVENDI SE
Aliza Jabes,VIVENDI SE
Vincent Bolloré,VIVENDI SE
Tarak Ben-Ammar,VIVENDI SE
Virginie Morgon,VIVENDI SE
Alexandre Begougne-De-Juniac,VIVENDI SE
Yseulys Costes,VIVENDI SE
Pascal Cagni,VIVENDI SE
Nathalie Bricault,VIVENDI SE
Cédric De-Bailliencourt-Dit-Courcol,VIVENDI SE
Saïd Haddoudi,ALSTOM TRANSPORT SA
Christian Roth,ALSTOM TRANSPORT SA
Bénédicte Bedry,ALSTOM TRANSPORT SA
Xavier Morel,ALSTOM TRANSPORT SA
Alexandre Dandoy,ALSTOM TRANSPORT SA
Frederic Wiscart,ALSTOM TRANSPORT SA
Lionel Duparay,ALSTOM TRANSPORT SA
Nathalie Michel,ALSTOM TRANSPORT SA
Stephanie Hartanerot,ALSTOM TRANSPORT SA
Francois Reygrobellet,ALSTOM TRANSPORT SA
Jean-baptiste Eymeoud,ALSTOM TRANSPORT SA
Anne Chauveau-Galas-Bouriaud,ALSTOM TRANSPORT SA
Olivier Duband,ALSTOM TRANSPORT SA
Olivier Chantal,ALSTOM TRANSPORT SA
Marc Ehret,ALSTOM TRANSPORT SA
Charlie Vacher,ALSTOM TRANSPORT SA
Rodolfo Savitzky,WORLDLINE
Jérôme Grivet,WORLDLINE
Pierre-antoine Vacheron,WORLDLINE
Wilfried Verstraete,WORLDLINE
Agnes Gouge,WORLDLINE
Sylvia Steinmann,WORLDLINE
Stephan Van-Hellemont,WORLDLINE
Zeynep Somer-Ozelgin,WORLDLINE
Thierry Sommelet,WORLDLINE
Michael Stollarz,WORLDLINE
Daniel Schmucki,WORLDLINE
Marie-christine Lebert,WORLDLINE
Mette Kamsvag,WORLDLINE
Aldo Cardoso,WORLDLINE
Giulia Fitzpatrick,WORLDLINE
Olivier Gavalda,WORLDLINE
Marc-henri Desportes,WORLDLINE
Paul Grapinet,WORLDLINE
Agnes Audier,WORLDLINE
Caroline Parot,WORLDLINE
Georges Pauget,WORLDLINE
Lorenz Habsburg-Lothringen,WORLDLINE
Gilles Arditti,WORLDLINE
Danielle Lagarde,WORLDLINE
Bernard Bourigeaud,WORLDLINE
Olivier Lorieau,WORLDLINE
Susan Tolson,WORLDLINE
Luc Remont,WORLDLINE
Arnaud Lucien,WORLDLINE
Ursula Morgenstern,WORLDLINE
Romeo Lacher,WORLDLINE
Sophie Houssiaux,WORLDLINE
Thierry Breton,WORLDLINE
Franck Chartier,ATOS FRANCE(ATOS ORIGIN)
Raoul Roth,ATOS FRANCE(ATOS ORIGIN)
Yannick Tricaud,ATOS FRANCE(ATOS ORIGIN)
Jean Simon,ATOS FRANCE(ATOS ORIGIN)
Sophie Neron-Berger,SODEXO EN FRANCE
Bruno Vaquette,SODEXO EN FRANCE
Anna Notarianni,SODEXO EN FRANCE
Xavier Legrand,LAFARGE BETONS
Olivier Pulliat,LAFARGE BETONS
Guillaume Andre,LAFARGE BETONS
Vincent Pelloquin,LAFARGE BETONS
Florent Canac,LAFARGE BETONS
Olivier Buecher,LAFARGE BETONS
Louis Figon,LAFARGE BETONS
Thierry Flandre,LAFARGE BETONS
Frederic Delpy,LAFARGE BETONS
Cedric Barthelemy,LAFARGE BETONS
Helene Constans,LAFARGE BETONS
Lionel Bourbon,LAFARGE BETONS
Jean-philippe Thierry,LAFARGE BETONS
Nicolas Sarazin,LAFARGE BETONS
Jean-marc Golberg,LAFARGE BETONS
Stéphane Venon,LAFARGE BETONS
Denis Garant,LAFARGE BETONS
Noël Le-Floch,LAFARGE BETONS
Pablo Libreros,LAFARGE BETONS
Philippe Hug,LAFARGE BETONS
William De-Lumley-Woodyear,LAFARGE BETONS
Eric Prieur,LAFARGE BETONS
Bernard Gusparo,LAFARGE BETONS
Gérard Peynot,LAFARGE BETONS
Philippe Malet,LAFARGE BETONS
Emmanuel Garcia,LAFARGE BETONS
Marie-anne Sparks,SUEZ
Gonzalo Garcia-Leiva,SUEZ
Alexia Latortue,SUEZ
Isabelle Bui-Khoi-Hung,SUEZ
Nora Karageorgieva,SUEZ
Christophe Le-Roy,SUEZ
Sarah Miche-De-Malleray,SUEZ
Alban Durmaz,SUEZ
Xavier Girre,SUEZ
Judith Hartmann,SUEZ
Thierry Deau,SUEZ
Jeremy Chauveau,SUEZ
Antoine Lissowski,SUEZ
Antoine Kerrenneur,SUEZ
Agrawal Deepak,SUEZ
Antoine Saintoyant,SUEZ
Kenji Hashimoto,SUEZ
Pierre Pauliac,SUEZ
Yves Rannou,SUEZ
Sabrina Bauer,SUEZ
Stephane Dedeyan,SUEZ
Julien Touati,SUEZ
Sandrine Goldenberg,SUEZ
Mehmet Erginbilgic,SUEZ
Massimiliano Pellegrini,SUEZ
Michael O'Sullivan,SUEZ
Ana Giros-Calpe,SUEZ
Daniel Thebert,SUEZ
Valérie Baudson,SAFRAN
Pascale Clin,SAFRAN
Ivan Hardouin,SAFRAN
Fabrice Bregier,SAFRAN
Celine Fornaro,SAFRAN
Robert Peugeot,SAFRAN
Christele Debarenne-Fievet,SAFRAN
Alexandre Lahousse,SAFRAN
Fabienne Lecorvaisier,SAFRAN
Olivier Andriès,SAFRAN
Patricia Bellinger,SAFRAN
Anne Aubert,SAFRAN
Laurent Guillot,SAFRAN
Patrick Pélata,SAFRAN
Monique Cohen,SAFRAN
Ross Mc-Innes,SAFRAN
Helene Potier,SAFRAN
Marc Aubry,SAFRAN
Herve Chaillou,SAFRAN
Jean Chameau,SAFRAN
Stéphanie Besnier,SAFRAN
Sophie Zurquiyah,SAFRAN
Sas F&P,SAFRAN
Daniel Mazaltarim,SAFRAN
Vincent Imbert,SAFRAN
Didier Domange,SAFRAN
Suzanne Kucharekova,SAFRAN
Odile Desforges,SAFRAN
Philippe Petitcolin,SAFRAN
Hélène Dantoine,SAFRAN
Fernanda Saraiva,SAFRAN
Gérard Mardiné,SAFRAN
Brigitte Lesschaeve,SAFRAN
Eliane Copin,SAFRAN
Caroline Laurent,SAFRAN
Patrick Gandil,SAFRAN
Lucie Muniesa,SAFRAN
Christian Streiff,SAFRAN
Jean Forneri,SAFRAN
Frédéric Bourges,SAFRAN
Giovanni Bisignani,SAFRAN
Xavier Lagarde,SAFRAN
Elisabeth Lulin,SAFRAN
Ross Innes,SAFRAN
Céline Fornano,SAFRAN
Céline Fornaro,SAFRAN
Valérie Andrieu,NATIXIS
Karine Puget,NATIXIS
Edouard Henry,NATIXIS
Mohamed Kallala,NATIXIS
Philippe Setbon,NATIXIS
Lionel Baud,NATIXIS
Delphine Maisonneuve,NATIXIS
Laurent Seyer,NATIXIS
Laurent Roubin,NATIXIS
Dominique Garnier,NATIXIS
Nicolas Namias,NATIXIS
Dominique Duband,NATIXIS
Christophe Pinault,NATIXIS
Catherine Pariset,NATIXIS
Sylvie Garcelon,NATIXIS
Anne Lalou,NATIXIS
Bpce,NATIXIS
Catherine Garde,NATIXIS
Catherine Leblanc,NATIXIS
Nicolas Bellet-De-Tavernost,NATIXIS
Stephanie Paix,NATIXIS
Valerie Savani,NATIXIS
Philippe Hourdain,NATIXIS
Diane De-Milhe-De-Saint-Victor,NATIXIS
Laurent Mignon,NATIXIS
Didier Dousset,NATIXIS
Daniel De-Robillard-De-Beaurepaire,NATIXIS
Bernard Oppetit,NATIXIS
Nicole Etchegoinberry,NATIXIS
Alain Condaminas,NATIXIS
François Riahi,NATIXIS
Bernard Dupouy,NATIXIS
Thierry Cahn,NATIXIS
Françoise Lemalle,NATIXIS
Philippe Sueur,NATIXIS
Henri Proglio,NATIXIS
Alain Denizot,NATIXIS
François Perol,NATIXIS
Michel Grass,NATIXIS
Helene Gauthey,TECHNIP ENERGIES FRANCE
Loïc Chapuis,TECHNIP ENERGIES FRANCE
Magali Castano,TECHNIP ENERGIES FRANCE
Gérard Hauser,TECHNIP ENERGIES FRANCE
Marco Villa,TECHNIP ENERGIES FRANCE
Céline Mollet,TECHNIP ENERGIES FRANCE
Virginie Duperat,TECHNIP ENERGIES FRANCE
Sophie Maddaloni,TECHNIP ENERGIES FRANCE
Alain Poincheval,TECHNIP ENERGIES FRANCE
Samik Mukherjee,TECHNIP ENERGIES FRANCE
Yves Kervren,TECHNIP ENERGIES FRANCE
Isabelle Guichot,AIR FRANCE - KLM(AIR FRANCE - KLM GROUP)
Pierre Lichon,AIR FRANCE - KLM(AIR FRANCE - KLM GROUP)
Veronique Bosetta,AIR FRANCE - KLM(AIR FRANCE - KLM GROUP)
Qingchao Wan,AIR FRANCE - KLM(AIR FRANCE - KLM GROUP)
Wiebe Draijer,AIR FRANCE - KLM(AIR FRANCE - KLM GROUP)
Florence Parly,AIR FRANCE - KLM(AIR FRANCE - KLM GROUP)
Celine Fornaro,AIR FRANCE - KLM(AIR FRANCE - KLM GROUP)
Nicolas Foretz,AIR FRANCE - KLM(AIR FRANCE - KLM GROUP)
Yann Leriche,AIR FRANCE - KLM(AIR FRANCE - KLM GROUP)
Pascal Bouchiat,AIR FRANCE - KLM(AIR FRANCE - KLM GROUP)
Michel Delli-Zotti,AIR FRANCE - KLM(AIR FRANCE - KLM GROUP)
Terence Tilgenkamp,AIR FRANCE - KLM(AIR FRANCE - KLM GROUP)
Gwenaelle Avice,AIR FRANCE - KLM(AIR FRANCE - KLM GROUP)
Dirk Van-Den-Berg,AIR FRANCE - KLM(AIR FRANCE - KLM GROUP)
Benjamin Smith,AIR FRANCE - KLM(AIR FRANCE - KLM GROUP)
Inc Delta-Air-Lines,AIR FRANCE - KLM(AIR FRANCE - KLM GROUP)
Anne-marie Idrac,AIR FRANCE - KLM(AIR FRANCE - KLM GROUP)
Lena Boeren,AIR FRANCE - KLM(AIR FRANCE - KLM GROUP)
Alexander Wynaendts,AIR FRANCE - KLM(AIR FRANCE - KLM GROUP)
Didier Dague,AIR FRANCE - KLM(AIR FRANCE - KLM GROUP)
Anne-marie Couderc,AIR FRANCE - KLM(AIR FRANCE - KLM GROUP)
Jian Wang,AIR FRANCE - KLM(AIR FRANCE - KLM GROUP)
Isabelle Bouillot,AIR FRANCE - KLM(AIR FRANCE - KLM GROUP)
Cgm Cma,AIR FRANCE - KLM(AIR FRANCE - KLM GROUP)
Cornelis Hart,AIR FRANCE - KLM(AIR FRANCE - KLM GROUP)
May Gicquel,AIR FRANCE - KLM(AIR FRANCE - KLM GROUP)
Jean-dominique Comolli,AIR FRANCE - KLM(AIR FRANCE - KLM GROUP)
Francois Robardet,AIR FRANCE - KLM(AIR FRANCE - KLM GROUP)
Isabelle Parize,AIR FRANCE - KLM(AIR FRANCE - KLM GROUP)
Rodolphe Saade,AIR FRANCE - KLM(AIR FRANCE - KLM GROUP)
Stéphanie Besnier,AIR FRANCE - KLM(AIR FRANCE - KLM GROUP)
Karim Belabbas,AIR FRANCE - KLM(AIR FRANCE - KLM GROUP)
Martin Vial,AIR FRANCE - KLM(AIR FRANCE - KLM GROUP)
Astrid Panosyan,AIR FRANCE - KLM(AIR FRANCE - KLM GROUP)
Paul Farges,AIR FRANCE - KLM(AIR FRANCE - KLM GROUP)
Mathias Bouts,AIR FRANCE - KLM(AIR FRANCE - KLM GROUP)
Maryse Aulagnon,AIR FRANCE - KLM(AIR FRANCE - KLM GROUP)
Jakob De-Hoop-Scheffer,AIR FRANCE - KLM(AIR FRANCE - KLM GROUP)
Bing Tang,AIR FRANCE - KLM(AIR FRANCE - KLM GROUP)
Hendricus Smits,AIR FRANCE - KLM(AIR FRANCE - KLM GROUP)
Patrick Vieu,AIR FRANCE - KLM(AIR FRANCE - KLM GROUP)
Claude Lepage,AIR FRANCE - KLM(AIR FRANCE - KLM GROUP)
Frédéric Gagey,AIR FRANCE - KLM(AIR FRANCE - KLM GROUP)
Louis Jobard,AIR FRANCE - KLM(AIR FRANCE - KLM GROUP)
Peter Hartman,AIR FRANCE - KLM(AIR FRANCE - KLM GROUP)
Antoine Santero,AIR FRANCE - KLM(AIR FRANCE - KLM GROUP)
Jean Janaillac,AIR FRANCE - KLM(AIR FRANCE - KLM GROUP)
Cornelis 'T-Hart,AIR FRANCE - KLM(AIR FRANCE - KLM GROUP)
Nicolaq Foretz,AIR FRANCE - KLM(AIR FRANCE - KLM GROUP)
Pascal Bouchat,AIR FRANCE - KLM(AIR FRANCE - KLM GROUP)
Coralie Piton,TF1 TELEVISION FRANCAISE 1
Yoann Saillon,TF1 TELEVISION FRANCAISE 1
Rodolphe Belmer,TF1 TELEVISION FRANCAISE 1
Orla Noonan-Boulman,TF1 TELEVISION FRANCAISE 1
Marie-aude Morel,TF1 TELEVISION FRANCAISE 1
Scdm,TF1 TELEVISION FRANCAISE 1
Marie-françoise Pic-Paris-Allavena,TF1 TELEVISION FRANCAISE 1
Bouygues,TF1 TELEVISION FRANCAISE 1
Olivier Bouygues,TF1 TELEVISION FRANCAISE 1
Olivier Roussat,TF1 TELEVISION FRANCAISE 1
Sophie Talamoni,TF1 TELEVISION FRANCAISE 1
Catherine Dussart,TF1 TELEVISION FRANCAISE 1
Farida Fekih,TF1 TELEVISION FRANCAISE 1
Gilles Pelisson,TF1 TELEVISION FRANCAISE 1
Sabrina Zerbib,TF1 TELEVISION FRANCAISE 1
Laurence Danon,TF1 TELEVISION FRANCAISE 1
Pascaline Aupepin-De-Lamothe-Dreuzy,TF1 TELEVISION FRANCAISE 1
Fanny Chabirand,TF1 TELEVISION FRANCAISE 1
Martin Bouygues,TF1 TELEVISION FRANCAISE 1
Jeannine Langlois,TF1 TELEVISION FRANCAISE 1
Naliny Kerner,"CASINO, GUICHARD-PERRACHON(CASINO"" ""GEANT"" ""PRODUITS CASINO"" ""PETIT CASINO STORE "" ""VIVAL STORE"" ""SPAR STORE"" ""ECOSERVICE STORE"" ""TOUT SIMPLEMENT"" ""GEANT COLLECTIVITES)"
Laurent Pietraszewski,"CASINO, GUICHARD-PERRACHON(CASINO"" ""GEANT"" ""PRODUITS CASINO"" ""PETIT CASINO STORE "" ""VIVAL STORE"" ""SPAR STORE"" ""ECOSERVICE STORE"" ""TOUT SIMPLEMENT"" ""GEANT COLLECTIVITES)"
Philippe Palazzi,"CASINO, GUICHARD-PERRACHON(CASINO"" ""GEANT"" ""PRODUITS CASINO"" ""PETIT CASINO STORE "" ""VIVAL STORE"" ""SPAR STORE"" ""ECOSERVICE STORE"" ""TOUT SIMPLEMENT"" ""GEANT COLLECTIVITES)"
Branislav Miskovic,"CASINO, GUICHARD-PERRACHON(CASINO"" ""GEANT"" ""PRODUITS CASINO"" ""PETIT CASINO STORE "" ""VIVAL STORE"" ""SPAR STORE"" ""ECOSERVICE STORE"" ""TOUT SIMPLEMENT"" ""GEANT COLLECTIVITES)"
Elisabeth Sandager,"CASINO, GUICHARD-PERRACHON(CASINO"" ""GEANT"" ""PRODUITS CASINO"" ""PETIT CASINO STORE "" ""VIVAL STORE"" ""SPAR STORE"" ""ECOSERVICE STORE"" ""TOUT SIMPLEMENT"" ""GEANT COLLECTIVITES)"
Pascal Clouzard,"CASINO, GUICHARD-PERRACHON(CASINO"" ""GEANT"" ""PRODUITS CASINO"" ""PETIT CASINO STORE "" ""VIVAL STORE"" ""SPAR STORE"" ""ECOSERVICE STORE"" ""TOUT SIMPLEMENT"" ""GEANT COLLECTIVITES)"
Athina Onassis,"CASINO, GUICHARD-PERRACHON(CASINO"" ""GEANT"" ""PRODUITS CASINO"" ""PETIT CASINO STORE "" ""VIVAL STORE"" ""SPAR STORE"" ""ECOSERVICE STORE"" ""TOUT SIMPLEMENT"" ""GEANT COLLECTIVITES)"
Nathalie Andrieux,"CASINO, GUICHARD-PERRACHON(CASINO"" ""GEANT"" ""PRODUITS CASINO"" ""PETIT CASINO STORE "" ""VIVAL STORE"" ""SPAR STORE"" ""ECOSERVICE STORE"" ""TOUT SIMPLEMENT"" ""GEANT COLLECTIVITES)"
2 Par-Bel,"CASINO, GUICHARD-PERRACHON(CASINO"" ""GEANT"" ""PRODUITS CASINO"" ""PETIT CASINO STORE "" ""VIVAL STORE"" ""SPAR STORE"" ""ECOSERVICE STORE"" ""TOUT SIMPLEMENT"" ""GEANT COLLECTIVITES)"
Participations Carpinienne-De,"CASINO, GUICHARD-PERRACHON(CASINO"" ""GEANT"" ""PRODUITS CASINO"" ""PETIT CASINO STORE "" ""VIVAL STORE"" ""SPAR STORE"" ""ECOSERVICE STORE"" ""TOUT SIMPLEMENT"" ""GEANT COLLECTIVITES)"
Beatrice Dumurgier,"CASINO, GUICHARD-PERRACHON(CASINO"" ""GEANT"" ""PRODUITS CASINO"" ""PETIT CASINO STORE "" ""VIVAL STORE"" ""SPAR STORE"" ""ECOSERVICE STORE"" ""TOUT SIMPLEMENT"" ""GEANT COLLECTIVITES)"
Maud Bailly,"CASINO, GUICHARD-PERRACHON(CASINO"" ""GEANT"" ""PRODUITS CASINO"" ""PETIT CASINO STORE "" ""VIVAL STORE"" ""SPAR STORE"" ""ECOSERVICE STORE"" ""TOUT SIMPLEMENT"" ""GEANT COLLECTIVITES)"
Thierry Billot,"CASINO, GUICHARD-PERRACHON(CASINO"" ""GEANT"" ""PRODUITS CASINO"" ""PETIT CASINO STORE "" ""VIVAL STORE"" ""SPAR STORE"" ""ECOSERVICE STORE"" ""TOUT SIMPLEMENT"" ""GEANT COLLECTIVITES)"
Christiane Feral-Schuhl,"CASINO, GUICHARD-PERRACHON(CASINO"" ""GEANT"" ""PRODUITS CASINO"" ""PETIT CASINO STORE "" ""VIVAL STORE"" ""SPAR STORE"" ""ECOSERVICE STORE"" ""TOUT SIMPLEMENT"" ""GEANT COLLECTIVITES)"
Jean Naouri,"CASINO, GUICHARD-PERRACHON(CASINO"" ""GEANT"" ""PRODUITS CASINO"" ""PETIT CASINO STORE "" ""VIVAL STORE"" ""SPAR STORE"" ""ECOSERVICE STORE"" ""TOUT SIMPLEMENT"" ""GEANT COLLECTIVITES)"
Euris,"CASINO, GUICHARD-PERRACHON(CASINO"" ""GEANT"" ""PRODUITS CASINO"" ""PETIT CASINO STORE "" ""VIVAL STORE"" ""SPAR STORE"" ""ECOSERVICE STORE"" ""TOUT SIMPLEMENT"" ""GEANT COLLECTIVITES)"
Finatis,"CASINO, GUICHARD-PERRACHON(CASINO"" ""GEANT"" ""PRODUITS CASINO"" ""PETIT CASINO STORE "" ""VIVAL STORE"" ""SPAR STORE"" ""ECOSERVICE STORE"" ""TOUT SIMPLEMENT"" ""GEANT COLLECTIVITES)"
Frederic Saint-Geours,"CASINO, GUICHARD-PERRACHON(CASINO"" ""GEANT"" ""PRODUITS CASINO"" ""PETIT CASINO STORE "" ""VIVAL STORE"" ""SPAR STORE"" ""ECOSERVICE STORE"" ""TOUT SIMPLEMENT"" ""GEANT COLLECTIVITES)"
Euris Fonciere,"CASINO, GUICHARD-PERRACHON(CASINO"" ""GEANT"" ""PRODUITS CASINO"" ""PETIT CASINO STORE "" ""VIVAL STORE"" ""SPAR STORE"" ""ECOSERVICE STORE"" ""TOUT SIMPLEMENT"" ""GEANT COLLECTIVITES)"
Diderot Matignon,"CASINO, GUICHARD-PERRACHON(CASINO"" ""GEANT"" ""PRODUITS CASINO"" ""PETIT CASINO STORE "" ""VIVAL STORE"" ""SPAR STORE"" ""ECOSERVICE STORE"" ""TOUT SIMPLEMENT"" ""GEANT COLLECTIVITES)"
Euris Fonciere,"CASINO, GUICHARD-PERRACHON(CASINO"" ""GEANT"" ""PRODUITS CASINO"" ""PETIT CASINO STORE "" ""VIVAL STORE"" ""SPAR STORE"" ""ECOSERVICE STORE"" ""TOUT SIMPLEMENT"" ""GEANT COLLECTIVITES)"
Lacharriere F.-Marc-De,"CASINO, GUICHARD-PERRACHON(CASINO"" ""GEANT"" ""PRODUITS CASINO"" ""PETIT CASINO STORE "" ""VIVAL STORE"" ""SPAR STORE"" ""ECOSERVICE STORE"" ""TOUT SIMPLEMENT"" ""GEANT COLLECTIVITES)"
David De-Rothschild,"CASINO, GUICHARD-PERRACHON(CASINO"" ""GEANT"" ""PRODUITS CASINO"" ""PETIT CASINO STORE "" ""VIVAL STORE"" ""SPAR STORE"" ""ECOSERVICE STORE"" ""TOUT SIMPLEMENT"" ""GEANT COLLECTIVITES)"
Saris,"CASINO, GUICHARD-PERRACHON(CASINO"" ""GEANT"" ""PRODUITS CASINO"" ""PETIT CASINO STORE "" ""VIVAL STORE"" ""SPAR STORE"" ""ECOSERVICE STORE"" ""TOUT SIMPLEMENT"" ""GEANT COLLECTIVITES)"
Laure Hauseux,"CASINO, GUICHARD-PERRACHON(CASINO"" ""GEANT"" ""PRODUITS CASINO"" ""PETIT CASINO STORE "" ""VIVAL STORE"" ""SPAR STORE"" ""ECOSERVICE STORE"" ""TOUT SIMPLEMENT"" ""GEANT COLLECTIVITES)"
Catherine Lucet,"CASINO, GUICHARD-PERRACHON(CASINO"" ""GEANT"" ""PRODUITS CASINO"" ""PETIT CASINO STORE "" ""VIVAL STORE"" ""SPAR STORE"" ""ECOSERVICE STORE"" ""TOUT SIMPLEMENT"" ""GEANT COLLECTIVITES)"
Gilbert Delahaye,"CASINO, GUICHARD-PERRACHON(CASINO"" ""GEANT"" ""PRODUITS CASINO"" ""PETIT CASINO STORE "" ""VIVAL STORE"" ""SPAR STORE"" ""ECOSERVICE STORE"" ""TOUT SIMPLEMENT"" ""GEANT COLLECTIVITES)"
Sylvia Jay,"CASINO, GUICHARD-PERRACHON(CASINO"" ""GEANT"" ""PRODUITS CASINO"" ""PETIT CASINO STORE "" ""VIVAL STORE"" ""SPAR STORE"" ""ECOSERVICE STORE"" ""TOUT SIMPLEMENT"" ""GEANT COLLECTIVITES)"
De Roquemaurel,"CASINO, GUICHARD-PERRACHON(CASINO"" ""GEANT"" ""PRODUITS CASINO"" ""PETIT CASINO STORE "" ""VIVAL STORE"" ""SPAR STORE"" ""ECOSERVICE STORE"" ""TOUT SIMPLEMENT"" ""GEANT COLLECTIVITES)"
Cobivia,"CASINO, GUICHARD-PERRACHON(CASINO"" ""GEANT"" ""PRODUITS CASINO"" ""PETIT CASINO STORE "" ""VIVAL STORE"" ""SPAR STORE"" ""ECOSERVICE STORE"" ""TOUT SIMPLEMENT"" ""GEANT COLLECTIVITES)"
Paul Du-Saillant,ESSILOR INTERNATIONAL
Francesco Milleri,ESSILOR INTERNATIONAL
Stefano Grassi,ESSILOR INTERNATIONAL
Christophe Condat,ESSILOR INTERNATIONAL
Eric Thoreux,ESSILOR INTERNATIONAL
Norbert Gorny,ESSILOR INTERNATIONAL
Juliette Favre,ESSILOR INTERNATIONAL
Hubert Sagnieres,ESSILOR INTERNATIONAL
Ludovic Mathieu,ESSILOR INTERNATIONAL
Delphine Zablocki,ESSILOR INTERNATIONAL
Olivier Pecoux,ESSILOR INTERNATIONAL
Philippe Alfroid,ESSILOR INTERNATIONAL
Yi He,ESSILOR INTERNATIONAL
Bernard Hours,ESSILOR INTERNATIONAL
Marc Onetto,ESSILOR INTERNATIONAL
Jeanette Wong,ESSILOR INTERNATIONAL
Antoine Bernard-De-Saint-Affrique,ESSILOR INTERNATIONAL
Louise Frechette,ESSILOR INTERNATIONAL
Maureen Cavanagh,ESSILOR INTERNATIONAL
Annette Messemer,ESSILOR INTERNATIONAL
Henrietta Holsman,ESSILOR INTERNATIONAL
Philippe Mahoudo,ESSILOR INTERNATIONAL
Paul De-Lasteyrie-Du-Saillant-De-Comborn,ESSILOR INTERNATIONAL
Laurent Vacherot,ESSILOR INTERNATIONAL
Maxime Saada,GROUPE CANAL+(CANAL)
Amandine Ferre,GROUPE CANAL+(CANAL)
Francois Laroze,GROUPE CANAL+(CANAL)
Arnaud Roy-De-Puyfontaine,GROUPE CANAL+(CANAL)
Geraldine Laggiard,GROUPE CANAL+(CANAL)
Anna Marsh,GROUPE CANAL+(CANAL)
Pascale Chabert,GROUPE CANAL+(CANAL)
Emilie Pietrini,GROUPE CANAL+(CANAL)
Jean-christophe Thiery-De-Bercegol-Du-Moulin,GROUPE CANAL+(CANAL)
Celine Merle-Beral,GROUPE CANAL+(CANAL)
Laetitia Menase,GROUPE CANAL+(CANAL)
Stephanie Ferrier,GROUPE CANAL+(CANAL)
Marc Taieb,GROUPE CANAL+(CANAL)
Vincent Bollore,GROUPE CANAL+(CANAL)
Frederic Crepin,GROUPE CANAL+(CANAL)
Jacques Du-Puy,GROUPE CANAL+(CANAL)
Gregoire Castaing,GROUPE CANAL+(CANAL)
Franck Cadoret,GROUPE CANAL+(CANAL)
Stéphane Roussel,GROUPE CANAL+(CANAL)
Hervé Philippe,GROUPE CANAL+(CANAL)
Simon Gillham,GROUPE CANAL+(CANAL)
Laurence Gallot,GROUPE CANAL+(CANAL)
Marie Darmaillac,GROUPE CANAL+(CANAL)
Francine Mayer,GROUPE CANAL+(CANAL)
Vincent Vallejo,GROUPE CANAL+(CANAL)
+ Association-Des-Salaries-Actionnaires-De-Canal,GROUPE CANAL+(CANAL)
